Row Labels,Accommodation,Accounting & tax services,Advertising & market research,Agriculture,Air transport,Animal feeds,Aquaculture,Architectural services etc,Auxiliary financial services,Bakery & farinaceous,Beer & malt,Building & landscape services,Business support services,Cement lime & plaster,Cleaning & toilet preparations,Coal & lignite,"Coke, petroleum & petrochemicals",Computer services,"Computers, electronics & opticals",Construction,Creative services,Cultural services,"Dairy products, oils & fats processing",Education,Electrical equipment,Electricity,Employment services,Fabricated metal,Film video & TV etc; broadcasting,Financial services,Fish & fruit processing,Fishing,Food & beverage services,Forestry harvesting,Forestry planting,Furniture,Gambling,Gas etc,"Glass, clay & stone etc",Grain milling & starch,Head office & consulting services,Health,Households as employers,Imputed rent,Information services,"Inorganic chemicals, dyestuffs & agrochemicals",Insurance & pensions,Iron & Steel,Leather goods,Legal activities,Machinery & equipment,Meat processing,Membership organisations,Mining Support,Motor Vehicles,"Oil & gas extraction, metal ores & other",Other chemicals,Other food,Other land transport,Other manufacturing,Other metals & casting,Other personal services,Other professional services,Other transport equipment,"Paints, varnishes and inks etc",Paper & paper products,Pharmaceuticals,Post & courier,Printing and recording,Public administration & defence,Publishing services,Rail transport,Real estate - fee or contract,Real estate - own,Rental and leasing services,Repair & maintenance,Repairs - personal and household,Research & development,Residential care and social work,Rubber & Plastic,Security & investigation,Soft Drinks,Spirits & wines,Sports & recreation,Support services for transport,Telecommunications,Textiles,Tobacco,Travel & related services,Veterinary services,"Waste, remediation & management",Water and sewerage,Water transport,Wearing apparel,Wholesale & Retail - vehicles,Wood and wood products
Accommodation,1005.142,1.878027,1.911583,1.042961,3.435315,1.069188,5.618567,3.793922,3.079742,0.280229,0.648706,2.470728,1.126926,1.074589,0.409342,0.340203,0.933966,1.075201,0.627204,0.94554,0.450664,0.697329,0.669226,0.809699,0.527062,0.82824,2.296547,0.378144,1.088481,3.890416,1.421611,0.967608,1.191359,0.986303,2.059407,0.880182,1.285099,0.911429,0.664331,0.42135,2.272942,0.782317,0,0.34309,1.038128,0.511752,14.71569,0.938564,0.254077,1.78396,0.788075,0.61097,1.384172,1.338718,0.501638,0.745566,0.301952,0.339984,1.668422,0.620499,0.942123,0.161897,1.3946,0.670963,0.621749,0.468709,0.151888,0.447335,0.551263,3.226679,0.542101,0.444925,0.658917,0.663632,0.365113,0.489569,1.28775,0.566557,13.01854,0.500777,0.498886,0.614613,0.59041,1.497961,0.998472,1.099276,0.291297,0,10.16005,1.404347,0.658253,0.290881,1.458234,0.718221,0.776636,1.11527
Accounting & tax services,3.573028,1006.681,4.521853,1.091569,3.218368,1.69362,2.262881,19.26437,2.146405,1.772591,2.26872,4.195364,6.999576,1.605434,2.742993,1.197667,1.327351,4.974125,0.850867,2.790427,2.771843,2.255699,1.179935,0.679451,1.223318,2.176285,7.46574,1.755385,2.507327,9.180174,1.834722,2.210953,2.819901,7.057596,0.853562,5.334925,2.085449,1.72963,1.478866,1.384355,7.41809,1.307275,0,0.739644,4.83315,1.29611,8.398801,0.736201,2.451033,10.07803,2.354354,1.19384,2.150292,4.380321,1.439037,1.21874,1.537987,1.264756,3.153192,3.031944,1.356815,2.866592,4.391257,3.642631,2.625811,1.230422,1.397985,2.128511,2.003036,2.562109,1.106336,2.617997,6.522719,2.009833,4.506731,1.888593,3.050046,1.916766,0.96751,1.272254,3.06839,2.347711,2.699428,2.633166,3.028506,1.966406,1.194011,0,4.934424,2.068056,2.517841,1.298947,2.96115,4.765249,2.844469,2.056792
Advertising & market research,1.315614,0.646092,1000.855,0.467695,1.758013,1.802897,0.521786,2.420968,0.932512,1.501164,2.050106,0.953248,1.439927,1.051047,2.604134,0.499396,0.475853,2.180351,1.031763,0.635276,1.022984,1.271724,0.749968,0.217886,0.963552,0.870113,1.127376,0.823072,2.056037,2.623573,2.126095,0.431026,1.158514,0.539192,0.75443,1.905242,1.286866,0.745311,0.71555,6.763977,2.740653,0.316314,0,0.398507,2.179756,0.287964,3.353984,0.415696,1.977696,0.940621,0.718545,1.056786,2.073939,0.611407,0.532421,0.488683,0.623238,3.001472,1.406646,1.766969,0.454648,0.523698,0.779108,0.78578,3.988752,0.989299,1.44317,2.143373,1.574863,1.340101,4.098627,1.81771,1.92155,0.579892,2.228877,0.617465,0.982695,0.37213,0.41665,0.812195,0.64675,3.65654,2.545372,1.117114,1.176689,1.954045,0.981885,0,0.752192,0.478988,1.160186,0.19292,1.614738,2.176745,1.23316,1.522097
Agriculture,10.13469,0.24387,0.262157,1100.353,0.72383,76.58292,3.95856,0.363439,0.358356,12.854,27.57708,0.657898,0.427423,0.733006,0.607741,0.883083,0.660922,0.213901,0.715691,1.134175,0.63189,0.731542,349.1376,0.596629,0.548794,0.401117,0.253829,0.567216,0.434253,0.45322,56.85459,1.219009,12.29745,9.221535,25.78879,0.632456,0.311334,0.348778,0.61324,244.1307,0.218474,0.768473,0,0.107538,0.236059,0.507668,0.956081,0.690436,23.13747,0.243073,0.672205,333.9231,0.486485,0.601792,0.895768,0.610818,0.559243,98.71579,0.546238,0.475373,0.591399,0.112304,0.17602,0.593852,0.654299,0.876696,0.494036,0.486431,0.616028,0.567347,0.327595,1.074556,0.197769,0.282174,0.399133,0.347037,0.290663,0.670117,1.42339,7.17517,0.221869,4.849009,10.04274,0.909359,0.338235,0.398524,0.967189,0,1.247699,0.618441,0.743987,0.159849,2.072668,0.548103,0.684853,1.191591
Air transport,1.127866,1.902971,1.485564,0.450259,1016.385,0.361449,0.595622,1.023129,1.617527,0.429774,1.117808,0.919564,1.728196,2.761933,0.413703,0.730804,0.932757,0.91055,0.816715,0.704824,1.650361,0.900535,0.544955,0.192475,1.514082,0.299842,2.580347,0.860429,1.763189,6.074365,0.489908,0.674637,1.17667,0.526481,0.386535,0.996906,1.214535,0.258595,1.176489,0.609625,1.795518,0.367841,0,0.400154,0.885795,0.903192,4.496707,1.716673,0.273009,1.275836,0.753083,0.410611,1.435456,1.929794,0.73203,2.316124,0.815705,1.004974,1.119211,1.259051,0.545786,0.355651,0.727802,1.721581,0.398654,0.534265,0.237498,13.4487,0.749162,1.037103,1.401258,1.987746,1.285621,0.636201,1.52399,0.781785,0.932859,0.65056,0.542362,0.47678,1.225216,0.517361,1.082096,1.007111,4.557634,1.01591,0.35643,0,6.951089,0.274428,2.693553,0.238815,2.412067,0.828739,1.618246,0.443063
Animal feeds,0.342188,0.009882,0.011318,28.41209,0.031306,1004.459,23.7454,0.015358,0.013493,0.510279,0.71761,0.194263,0.025893,0.023764,0.022182,0.025162,0.020723,0.010295,0.023627,0.033024,1.06191,0.315927,9.21156,0.027179,0.017336,0.012117,0.00989,0.017576,0.025687,0.018662,2.613905,0.072664,0.469577,0.247841,0.685932,0.020201,0.012949,0.011046,0.022359,6.322509,0.012452,0.034984,0,0.003509,0.010032,0.015888,0.033531,0.022072,1.779186,0.009957,0.021153,9.09379,0.020684,0.021541,0.027549,0.020728,0.018586,2.807126,0.019239,0.01598,0.018549,0.004596,0.0099,0.01851,0.02457,0.026093,0.0168,0.021268,0.02085,0.022853,0.014562,0.034853,0.009719,0.009718,0.013558,0.011337,0.01028,0.068087,0.143145,0.188613,0.010398,0.139442,0.264079,0.930412,0.013049,0.014498,0.028546,0,0.051035,0.026221,0.026468,0.005106,0.109421,0.019072,0.022102,0.035012
Aquaculture,0.829418,0.013852,0.019971,0.074639,0.051522,0.329255,0,0.027146,0.01606,0.327002,0.076195,0.053438,0.026217,0.047742,0.028371,0.044197,0.033041,0.01346,0.06243,0.043076,0.025808,0.043122,0.076306,0.030381,0.038185,0.015243,0.030371,0.035747,0.019373,0.032797,56.47654,0,1.535245,0.060935,0.038334,0.033563,0.020436,0.020545,0.0412,0.286216,0.015576,0.040632,0,0.005353,0.015207,0.036105,0.060513,0.050744,0.067033,0.017084,0.043049,0.105997,0.02897,0.038606,0.058756,0.042885,0.031667,0.296783,0.036702,0.030793,0.04169,0.008584,0.015149,0.03329,0.037109,0.036964,0.013339,0.049798,0.037417,0.034522,0.025821,0.062459,0.009509,0.013099,0.022247,0.02154,0.01918,0.020952,0.083132,0.033999,0.016727,0.42695,0.076993,0.038674,0.033877,0.024198,0.0326,0,0.073995,0.069675,0.039961,0.008454,2.620546,0.035929,0.030115,0.036772
Architectural services etc,6.242978,10.8848,13.22483,2.969454,6.149436,3.526489,4.645195,1061.454,4.432194,3.288051,6.153812,16.77127,21.28285,5.547085,2.227525,3.746567,4.541709,17.31541,13.12039,21.35286,7.279116,7.883369,2.995133,2.894335,3.757383,7.174908,17.71554,4.815635,6.951633,13.33665,13.24088,6.012927,4.927779,4.140278,4.206363,12.15716,7.481927,3.812853,3.98349,3.591602,12.25309,7.768857,0,5.556677,23.24897,2.542481,14.32223,3.808034,3.848737,7.813247,7.052363,2.766099,6.554904,8.111733,2.946821,3.83361,3.743628,3.557045,6.094144,6.806246,3.318914,2.352351,17.75487,14.57883,5.233389,3.565302,2.469063,7.716614,10.06407,8.363772,3.497598,5.939073,28.66982,10.08765,13.74547,8.171775,13.31628,17.27131,2.131007,3.812134,5.279263,5.631162,6.201414,7.457579,7.343328,6.4258,2.791615,0,11.36122,7.943128,9.365748,3.423139,6.905548,13.21945,8.992074,4.882204
Auxiliary financial services,0.260972,0.293701,0.259573,0.117126,0.58799,0.123374,0.18082,0.960457,1002.415,0.12079,0.2149,0.374905,1.684968,0.533576,0.170672,0.534573,0.178567,0.771867,0.233916,0.385864,0.438186,0.383594,0.136811,0.173386,0.18711,0.120924,0.267091,0.193034,0.28191,0.899188,0.189464,0.167536,0.209005,0.220483,0.168611,0.32028,0.292187,0.149309,0.202019,0.123472,0.810041,0.149501,0,0.07723,0.790182,0.11397,1.405516,0.185003,0.111911,0.419734,0.178312,0.130616,0.255107,0.263519,0.142292,0.263964,0.171467,0.136641,0.394481,0.219091,0.137707,0.131045,0.819193,0.273469,0.141708,0.133792,0.082761,0.317591,0.233589,0.280368,0.141234,0.650793,0.388739,0.170288,0.454147,0.200873,0.511055,0.599103,0.130663,0.131471,0.305807,0.170041,0.193375,0.342472,0.229862,0.331871,0.095282,0,0.426228,0.179378,0.61872,0.10468,0.543299,0.22684,0.310891,0.189648
Bakery & farinaceous,6.254469,0.294502,0.201032,0.235262,0.594355,1.842881,1.865306,0.174916,0.225558,1007.11,0.674543,1.085243,0.321332,0.221306,0.211236,0.119833,0.238993,0.108204,0.290278,0.151706,0.451366,0.473858,0.288367,0.425954,0.191901,0.072845,0.111984,0.201938,0.123844,0.318208,1.295692,2.231354,5.872824,0.235355,0.10422,0.157299,0.296528,0.095373,0.183555,0.872385,0.184948,0.531123,0,0.027941,0.189617,0.195738,0.398788,1.562803,0.791591,0.112048,0.251276,0.642045,0.203217,0.553567,0.32886,0.264272,0.19072,1.205155,0.200107,0.147943,0.221514,0.062761,0.161362,0.17404,0.412446,0.259397,0.231408,0.615546,0.186491,0.14836,0.172869,0.385514,0.072505,0.054408,0.113842,0.123075,0.098281,0.180652,1.813726,0.20392,0.200978,0.92029,0.400532,0.279539,0.155315,0.167448,0.195271,0,0.223355,0.831377,0.243137,0.062124,0.321558,0.175947,0.167727,0.184828
Beer & malt,1.798716,0.036099,0.034966,0.080045,0.166178,0.979826,0.136677,0.027557,0.028185,0.080449,1003.213,0.080376,0.043522,0.063004,0.044164,0.030372,0.050237,0.015775,0.135764,0.048678,0.091195,0.066226,0.082356,0.023475,0.058436,0.025357,0.022854,0.051767,0.03552,0.051905,0.091649,0.032761,7.410018,0.071751,0.036635,0.0501,0.088242,0.03217,0.049046,0.090359,0.029337,0.045827,0,0.007064,0.017902,0.059215,0.078298,0.07576,0.060421,0.026221,0.067028,0.107164,0.295026,0.024213,0.099561,0.045454,0.046218,0.092855,0.028815,0.042117,0.068184,0.012059,0.023234,0.054766,0.048895,0.06029,0.014541,0.051102,0.046149,0.050997,0.030287,0.044221,0.017412,0.017656,0.021334,0.034563,0.05252,0.041777,0.133549,0.052652,0.028774,0.052349,5.448932,0.087759,0.045056,0.036059,0.050374,0,0.077878,0.038372,0.036326,0.01142,0.064047,0.054456,0.033777,0.05401
Building & landscape services,7.120787,2.645118,3.550789,1.22276,8.833494,1.017286,2.252973,9.012316,3.646086,0.892843,3.613466,1129.588,2.669431,1.874825,2.278103,1.314092,3.380522,13.86203,2.032418,6.400969,30.32999,44.34674,1.075876,6.127945,1.836075,1.383189,3.046989,1.223756,8.474047,9.764233,1.396913,1.623693,6.646038,1.790987,1.68585,4.107694,6.164571,1.56092,2.035568,1.031796,22.93522,6.734597,0,0.992451,6.654929,1.326625,11.61771,1.770687,1.136866,4.605819,2.184276,1.113788,4.42454,1.471343,1.541238,1.514817,1.426216,1.055643,4.942484,2.278225,1.720136,1.961661,20.17822,2.250525,1.444646,1.831983,0.944691,3.795483,2.818077,7.026103,1.416327,3.351965,16.117,7.082795,4.747958,2.096867,5.180465,5.611872,4.125166,2.289913,12.40332,1.616604,3.389012,16.38736,4.106007,3.283023,1.090553,0,3.61909,6.049991,10.48832,0.878348,3.121449,1.692985,3.448736,3.494721
Business support services,4.831114,1.921725,2.494653,1.267593,3.052237,1.415442,1.716456,8.150744,2.933444,0.969562,1.911881,3.103449,1057.029,1.718206,1.149658,0.926289,1.576142,13.5209,1.991645,2.793825,8.021696,6.754979,1.529964,2.792666,1.873051,0.998418,1.279489,0.93071,7.602679,7.141784,3.567878,1.115749,4.079492,1.392449,1.148214,3.458139,6.857699,0.867688,1.783991,1.39651,24.46623,1.320433,0,0.583028,14.05231,1.206992,6.81833,1.457307,0.869312,6.703033,1.647636,1.05212,6.631113,1.754347,1.442056,1.742463,1.156598,1.235606,8.147323,1.837473,1.52007,1.61002,9.447903,2.124356,1.012083,1.305489,1.008231,3.1964,1.620202,3.733275,1.019312,3.030374,2.149178,1.731269,5.254034,1.729119,8.105315,17.3685,1.991615,1.512236,2.616369,2.003065,1.670815,7.184318,3.483949,2.489714,0.890861,0,3.728575,2.808583,5.144726,0.707928,1.544209,1.738882,5.05937,1.777765
Cement lime & plaster,0.177311,0.099242,0.094272,2.340009,0.339516,0.333065,0.625051,0.199995,0.072645,0.186927,1.038014,0.619814,0.102605,1014.073,0.306355,0.8653,0.28844,0.103738,0.216277,12.22427,0.358208,1.824481,0.870791,0.534044,0.247671,0.195268,0.099986,0.307989,0.148712,0.197591,0.36871,0.480432,0.201435,2.808622,0.483424,0.441217,0.131451,0.137275,2.843232,0.633784,0.091054,0.220441,0,0.420438,0.086348,1.450916,0.473532,1.308179,0.268299,0.151013,0.284999,0.845209,0.231283,0.390257,0.373772,18.43982,0.379198,0.433487,0.215532,0.693355,0.305141,0.060344,0.079909,0.416453,0.443799,0.276355,0.053656,0.272475,0.29637,0.824235,0.118124,1.271333,0.154828,1.191453,0.12084,0.160343,0.123189,0.095499,0.10385,0.53907,0.084866,0.38086,0.423225,1.550282,0.290548,0.36076,0.125773,0,0.338929,0.167741,0.777628,0.601562,0.28759,0.182614,0.195475,0.546574
Cleaning & toilet preparations,0.105695,0.032678,0.080238,0.675444,0.103083,0.323883,0.290773,0.050764,0.055549,0.32807,0.274399,1.466133,0.05908,0.184245,1008.197,0.1741,0.87638,0.037306,0.156034,0.114164,0.120393,0.374939,0.384307,0.179383,0.113617,0.032686,0.020831,0.125183,0.05426,0.045162,0.242678,0.132298,0.159247,0.241636,0.176136,0.07935,0.074919,0.045887,0.164758,0.32975,0.044008,0.10624,0,0.007766,0.049929,1.991822,0.051537,0.192621,0.216579,0.027688,0.137138,0.345702,0.091217,0.054851,0.202625,0.180008,1.697504,0.216506,0.10706,0.101256,0.13219,0.214591,0.053463,0.109979,1.059987,0.323829,0.064234,0.081528,0.293939,0.131862,0.079845,0.082798,0.069814,0.03009,0.066049,0.062732,0.042688,0.210681,0.20819,0.248427,0.05813,0.14142,0.133571,0.223845,0.03564,0.048638,0.229399,0,0.05396,0.537157,0.185369,0.152496,0.042025,0.111019,0.152204,0.143156
Coal & lignite,0.028722,0.017592,0.01366,0.044445,0.028562,0.100173,0.203533,0.028302,0.027787,0.069431,0.08511,0.023734,0.020531,0.540543,0.036286,1002.183,0.428699,0.021921,0.045526,0.086331,0.042761,0.07268,0.071279,0.027205,0.061391,2.951902,0.024149,0.136416,0.011388,0.023995,0.101849,0.131953,0.025248,0.081507,0.054246,0.104422,0.014279,0.431868,0.200718,0.0725,0.013223,0.038257,0,0.023004,0.023474,0.214557,0.027124,0.085446,0.031902,0.016493,0.088057,0.065911,0.015245,0.105692,0.036934,0.181794,0.023471,0.196596,0.043501,0.052416,0.154284,0.015719,0.012286,0.108075,0.044338,0.239519,0.027386,0.038832,0.085283,0.035692,0.026794,0.15417,0.01457,0.023019,0.049871,0.042086,0.018537,0.019331,0.022651,0.061624,0.007448,0.051985,0.079958,0.04086,0.027325,0.028908,0.036267,0,0.039169,0.042945,0.078401,0.064205,0.014559,0.053296,0.035512,0.084885
"Coke, petroleum & petrochemicals",0.408622,0.238034,0.184447,1.280682,1.825666,1.179514,1.346045,0.371151,0.260443,0.826983,0.843009,0.65098,0.390793,1.341725,1.696493,1.585534,1002.443,0.251816,0.928306,1.003954,0.387474,0.365117,1.229842,0.225073,1.170148,0.568233,0.188065,0.764212,0.180178,0.335067,1.129652,1.262777,0.460054,1.414918,0.988291,1.288743,0.291608,0.338135,1.371404,0.941318,0.218773,0.462334,0,0.120995,0.284413,1.606126,0.442611,1.558353,0.874923,0.229322,0.868244,1.186405,0.2616,0.436285,1.342515,1.333941,4.129545,0.9439,1.683488,0.780544,0.784467,0.131856,0.235524,0.90045,2.145473,1.250254,0.323243,0.436515,1.152631,0.464343,0.347108,0.582662,0.199625,0.331483,0.408955,0.399843,0.350878,0.387233,0.392117,2.489065,0.207427,1.043315,0.617252,0.299107,0.259066,0.486743,1.047839,0,0.545379,0.622398,0.574268,0.384972,0.424538,0.668176,0.611932,1.170218
Computer services,4.207349,4.771597,5.742429,1.325156,8.640415,1.777859,1.522145,6.119907,10.81716,1.301987,2.958287,3.9139,5.683105,1.675597,1.714991,3.208694,1.564683,1006.849,2.083294,2.525909,9.877122,3.863182,1.252822,1.767071,2.123691,2.02595,6.634255,1.700493,3.376446,7.451695,1.826596,1.868517,2.495409,1.575605,1.222869,3.575788,2.728004,2.666011,1.402186,1.27739,6.876431,2.312961,0,0.641133,9.749415,1.108388,9.868713,1.970138,1.969398,3.674038,2.3596,1.61744,2.695509,1.886738,1.918884,1.400005,1.06753,1.664391,3.131986,3.146654,1.908043,1.890821,4.074107,4.556552,1.914036,1.548296,1.97669,5.48067,2.606331,4.310454,2.607354,5.04343,5.030636,1.936526,3.217671,3.725572,6.042375,6.681574,1.649777,1.231918,2.896457,2.339943,2.836502,4.329253,1.832136,6.615093,0.957653,0,6.953345,3.237664,2.623118,1.329591,6.414835,2.32137,3.698454,2.294641
"Computers, electronics & opticals",0.24717,0.172195,0.281721,0.822212,2.020675,1.492937,4.180933,0.776623,0.450486,1.059,5.329212,1.078587,0.371458,0.749191,2.045457,1.830611,1.400047,0.553617,1019.134,3.279227,0.491685,1.53853,0.920317,0.54912,9.41481,1.460396,0.18107,2.550561,0.398619,0.376506,1.608841,6.050501,0.340136,2.030556,1.740413,1.134103,0.404801,0.492626,1.066997,1.432344,0.239009,3.282833,0,0.174774,0.836259,0.576493,0.552462,1.508247,0.689527,0.257847,7.019541,0.839411,0.248198,3.290406,5.734056,1.24335,2.216603,1.07364,1.293959,5.743524,2.930362,0.239965,0.355149,11.63868,2.291211,1.086588,0.397243,0.553339,1.02574,3.82634,0.449686,1.199375,0.312108,0.584347,0.981119,5.999408,2.912361,4.051452,0.469899,3.55387,0.279227,2.327729,1.457971,0.937451,0.705749,4.180776,0.671723,0,0.749555,3.093146,1.78001,0.642069,2.487394,0.67394,0.912424,2.777405
Construction,12.25849,7.356997,6.046463,24.32567,22.61054,7.213957,47.14189,12.81594,5.034034,8.561445,9.54572,5.797138,4.098349,17.17294,4.055008,15.63887,12.48285,6.272487,3.306115,1226.055,17.16278,31.63922,10.64182,5.981365,5.78898,15.57373,7.442987,9.736372,4.351882,16.09505,11.47728,41.29191,12.12717,40.57828,34.23897,33.25973,5.731053,10.67142,10.70709,9.779073,5.810556,8.310468,0,41.67951,5.819053,5.243511,42.75138,6.591414,13.92797,12.08636,9.507974,13.29019,8.806109,29.88672,5.600675,11.66708,2.67963,9.127841,12.22197,16.32156,8.056251,3.248097,3.784637,20.29359,8.050143,8.88858,2.024409,17.92539,19.57406,41.40094,7.048863,8.838238,12.56255,113.8911,7.976587,9.576808,7.581602,3.467613,6.051132,6.283549,3.042994,9.896498,7.588079,14.39752,16.02717,27.94586,4.816629,0,22.62913,9.970758,27.2062,22.99959,25.11732,10.83187,10.10721,18.73341
Creative services,0.06289,0.019139,0.022078,0.002616,0.033608,0.003856,0.004873,0.015042,0.014949,0.003213,0.004562,0.005536,0.057044,0.006159,0.003333,0.00774,0.002789,0.008212,0.009459,0.006152,1005.428,0.721084,0.002812,0.027069,0.003529,0.003725,0.030025,0.004081,0.613574,0.022648,0.003915,0.00343,0.019168,0.010286,0.021037,0.007281,0.006921,0.003829,0.003788,0.005153,0.015501,0.011161,0,0.001845,0.042411,0.002119,0.015805,0.022693,0.003435,0.015137,0.003906,0.004906,0.076278,0.005642,0.002882,0.004524,0.002619,0.005214,0.008227,0.005724,0.00363,0.012056,0.007083,0.006387,0.004464,0.003962,0.002919,0.045111,0.110673,0.083711,0.260489,0.011688,0.00716,0.006096,0.005554,0.004603,0.007587,0.02491,0.104522,0.002725,0.003114,0.005129,0.005002,0.538088,0.003975,0.01757,0.002229,0,0.021067,0.00494,0.038593,0.002554,0.007585,0.006012,0.005399,0.005093
Cultural services,0.019792,0.173414,0.339771,0.008729,0.098739,0.014978,0.012816,0.200133,0.022291,0.013691,0.020022,0.026192,0.259301,0.020307,0.019171,0.010036,0.008523,0.030117,0.013487,0.018794,3.439607,1032.069,0.010108,0.284973,0.011733,0.012318,0.31608,0.013976,2.135898,0.037639,0.020215,0.012154,0.015866,0.064405,0.154585,0.02692,0.038984,0.009345,0.015781,0.034697,0.122266,0.125957,0,0.004991,0.030102,0.007059,0.076185,0.010009,0.016543,0.072303,0.013565,0.012889,0.673015,0.020238,0.00878,0.015245,0.008418,0.022496,0.046119,0.023574,0.012407,0.040146,0.06463,0.019693,0.026274,0.017969,0.012999,0.03057,0.829589,0.756216,2.796399,0.027564,0.024747,0.034306,0.020296,0.026243,0.020191,0.061666,0.329094,0.010678,0.01295,0.023712,0.021576,6.46124,0.015513,0.02348,0.010347,0,0.121692,0.016793,0.211584,0.00955,0.023441,0.028425,0.017405,0.01865
"Dairy products, oils & fats processing",1.363025,0.081977,0.142326,0.173379,0.479463,3.716438,0.271812,0.109066,0.217529,13.17699,0.217743,0.470545,0.151111,0.085534,0.171307,0.041421,0.072671,0.065492,0.090195,0.059441,0.158313,0.377442,1018.329,0.219138,0.06525,0.026318,0.062546,0.0603,0.059385,0.17055,2.259083,0.126966,1.461807,0.085976,0.051095,0.058808,0.166003,0.030121,0.10218,1.09682,0.088967,0.202682,0,0.013945,0.061653,0.064183,0.146832,0.120087,0.118688,0.072513,0.082627,0.439888,0.17997,0.274908,0.098051,0.137129,0.156888,7.969671,0.101761,0.052292,0.069398,0.015812,0.076572,0.056953,0.253677,0.07272,0.132024,0.350763,0.069994,0.053286,0.054333,0.229732,0.080343,0.024138,0.050305,0.042654,0.035629,0.062079,0.403549,0.076644,0.098656,1.164302,0.125439,0.168544,0.130286,0.111249,0.077659,0,0.133946,0.318567,0.136939,0.016708,0.106526,0.064656,0.092348,0.074336
Education,2.793548,17.35351,9.222885,1.366656,7.519538,1.451227,1.508899,15.60006,4.18487,1.609349,2.593808,4.510179,4.974731,2.429584,2.286528,1.40028,1.805278,6.04801,2.313095,2.247097,3.896786,2.206323,1.372085,1055.357,1.862849,2.362509,8.391522,2.825098,4.034979,12.07753,1.210426,1.525282,3.11309,1.676538,1.580695,4.281239,3.099461,1.668295,1.835021,1.260862,4.677723,3.649813,0,0.91024,2.292963,1.858018,10.62747,1.237266,1.757645,21.26402,2.560937,0.936274,3.471035,1.731335,1.386155,1.399948,1.648426,2.083484,3.346096,3.269871,1.391447,2.499376,3.312455,3.129565,3.277632,1.408288,1.488383,10.34814,1.686576,32.87082,1.289302,4.547906,3.44032,3.222342,1.629284,2.419248,4.773465,53.91403,7.071007,1.570828,2.707571,3.932657,1.854713,3.707543,3.864815,8.362007,1.267787,0,5.626562,7.292956,6.57206,1.672331,2.918733,2.41045,1.576754,1.756966
Electrical equipment,0.137169,0.098592,0.194577,0.479436,0.732607,0.603994,1.280618,0.314504,0.244717,0.495281,2.180527,0.50876,0.134933,0.477155,0.807365,0.669219,0.570422,0.339321,5.34953,2.174791,0.231222,0.711082,0.560624,0.21815,1009.721,2.30823,0.130042,1.27262,0.187557,0.237372,0.910975,4.725664,0.169466,0.642296,0.43462,0.602509,0.19391,0.497249,0.620767,0.508618,0.108534,0.300665,0,0.1184,0.48113,0.334471,0.298511,0.690552,0.378379,0.184887,4.488989,0.511759,0.137947,1.378561,3.832957,0.568891,0.334789,0.519455,1.748288,3.504523,1.516672,0.120728,0.146998,4.25451,0.739938,0.489064,0.162426,0.523569,0.3746,0.916768,0.178774,0.5504,0.248821,0.341086,1.728654,4.060079,3.521265,0.391892,0.225253,1.486871,0.411263,1.060421,0.526963,0.673718,0.297593,1.247837,0.355708,0,0.309045,0.763786,0.990686,0.255671,0.652046,0.354946,0.634527,0.922644
Electricity,12.64248,6.611969,5.240475,14.407,10.96051,31.70534,94.53682,12.16286,12.2103,29.6274,35.78101,9.839047,9.100948,87.29508,13.97929,39.5626,98.50724,8.776943,18.55875,14.2966,19.90939,34.30507,25.67113,8.586107,22.9283,0,9.944277,42.14001,4.38496,9.861445,39.00786,65.61962,10.80258,24.40573,14.64497,40.9793,6.086522,0,94.20524,32.40723,5.609307,15.25856,0,9.504448,9.669325,71.22425,7.639647,39.13689,12.03134,6.066054,40.29777,24.3327,5.873729,39.06681,14.44744,58.69681,7.844641,23.59407,9.654861,20.37574,61.90501,6.470156,5.325174,49.67738,16.88243,89.58002,13.68183,13.35444,31.91523,14.03844,9.637769,28.31962,4.758776,4.839697,11.26212,17.21042,6.380417,8.614883,9.054007,26.56048,2.848705,16.89371,35.35792,18.28377,5.608793,11.83224,14.05814,0,8.673467,17.86334,11.1123,30.67016,4.139498,21.82658,9.103875,32.11975
Employment services,5.319066,3.099255,3.853366,1.693636,5.243221,3.009479,3.376831,12.19871,4.469603,6.149539,3.65661,5.785448,8.575531,3.506222,5.305719,1.526559,1.851804,18.34662,7.816703,4.688605,10.99146,7.801754,3.816509,3.520064,4.675573,3.813999,1078.126,3.004345,5.64481,10.02823,10.43275,11.87303,4.367672,4.162042,7.940871,8.842175,2.374967,2.808,4.361668,2.953751,17.24603,8.81917,0,0.866801,8.403728,2.098687,10.9606,2.753344,1.64896,6.146946,5.884059,9.858539,3.033651,3.40395,2.99929,3.168441,1.456445,5.714508,6.476302,2.843397,2.349257,2.576732,5.246693,11.98683,3.275371,2.372665,1.936457,5.594611,2.445774,4.757827,14.11917,4.155285,7.474637,2.46574,5.81135,53.69761,13.17341,12.61219,7.975138,2.537764,4.916318,4.596884,2.694722,36.85086,5.248795,3.495955,1.440632,0,7.524834,9.241424,5.908238,2.959361,4.30803,3.411085,1.714628,2.79433
Fabricated metal,1.054827,0.470451,0.748659,6.140054,2.824567,18.09249,11.23139,1.372558,0.928363,8.031366,130.8141,2.700347,1.106651,2.776191,19.55811,10.55806,9.010591,0.807714,9.558772,21.37809,0.940296,1.734512,7.037853,1.001466,34.73551,4.77779,0.515929,1057.226,0.426543,0.966153,8.247229,15.76712,1.989172,8.644893,2.112559,11.89724,0.596157,1.486274,8.109266,3.236551,0.619323,1.221681,0,0.878918,0.944634,1.460494,1.753965,23.98028,9.730765,0.658516,53.39004,6.201533,0.58288,31.76819,54.72358,4.186553,3.52735,12.46031,2.080905,16.4997,58.9255,0.290372,0.635623,63.21252,16.38888,2.635653,2.715029,1.209977,2.574411,2.894371,1.187547,5.269624,0.930719,2.613991,1.389142,10.87712,4.109879,1.491411,0.884135,35.76059,0.638389,40.26449,11.09778,1.666963,1.487261,1.92242,8.438242,0,1.360329,2.195735,6.817754,1.841786,3.719863,4.17627,3.725528,21.51846
Film video & TV etc; broadcasting,0.310582,0.059824,0.133887,0.032519,0.133443,0.118764,0.037706,0.176435,0.080756,0.098486,0.133694,0.06741,0.106425,0.071167,0.166845,0.03873,0.033557,0.148801,0.070176,0.046104,0.523424,2.198133,0.0503,0.056567,0.065468,0.059817,0.095796,0.056224,1003.478,0.175748,0.138883,0.030926,0.097616,0.043076,0.067951,0.128284,0.1431,0.05306,0.048686,0.43446,0.186709,0.039161,0,0.026495,0.192661,0.020704,0.235764,0.030477,0.128825,0.069966,0.050571,0.070571,0.482395,0.044039,0.03695,0.034434,0.041586,0.195097,0.097858,0.119467,0.033019,0.042786,0.058327,0.059122,0.258414,0.066878,0.096053,0.147827,0.200857,0.164076,0.422615,0.126826,0.131683,0.042828,0.147698,0.04478,0.071549,0.076383,0.068206,0.054261,0.045747,0.236718,0.165343,0.767632,0.078209,0.137462,0.064474,0,0.074108,0.037182,0.090021,0.015001,0.116137,0.144195,0.085037,0.101839
Financial services,14.04774,18.04965,15.1115,10.3867,15.2253,17.77113,18.69575,19.28823,12.75975,16.07465,23.82709,15.88749,12.81292,38.37389,9.773121,31.37104,17.71011,10.3025,10.07485,14.46639,12.84305,4.411085,11.64247,1.489111,16.6628,21.14827,23.19005,26.52386,6.913171,1035.815,18.85947,27.21505,11.50876,24.35763,21.51252,22.75016,8.47218,15.77992,24.3711,12.13625,13.8212,5.758501,0,56.10102,9.678313,13.95579,19.40166,10.56811,8.407869,12.77883,14.91621,8.434232,3.863174,35.26682,15.09668,48.23115,23.44343,20.71732,11.63151,30.44237,14.63835,7.081481,12.80501,24.7017,13.67175,17.77887,11.04566,15.94688,13.37113,21.85016,5.541398,9.795645,88.27795,45.5425,15.36715,17.43712,8.924585,13.67686,3.690983,13.04056,10.25478,16.95631,22.02676,8.986282,14.31315,13.11197,8.572759,0,25.46369,8.97021,27.00017,11.26237,10.75657,50.46879,11.34023,28.86858
Fish & fruit processing,2.225562,0.101615,0.214548,0.83213,0.506521,5.338153,0.853566,0.237399,0.072918,5.532435,0.61994,0.679055,0.347508,0.128905,0.101647,0.066651,0.102431,0.114989,0.225471,0.089068,0.256272,0.491239,0.701453,0.369821,0.127559,0.041832,0.38153,0.079576,0.161476,0.281049,1031.496,0.193671,5.048186,0.124336,0.102876,0.09752,0.215436,0.043217,0.207685,4.597014,0.139773,0.391202,0,0.022408,0.142892,0.081091,0.231772,0.169055,0.670931,0.157021,0.108394,1.149682,0.296053,0.168217,0.117492,0.225075,0.117876,4.81644,0.285412,0.073095,0.086165,0.088852,0.168541,0.083461,0.203213,0.104504,0.114059,0.645669,0.098242,0.183043,0.122163,0.365147,0.069005,0.042258,0.072787,0.072101,0.067438,0.287756,0.63491,0.103612,0.141908,7.291518,1.020873,0.437843,0.319108,0.170981,0.087399,0,0.478647,0.931857,0.173123,0.027983,0.251157,0.108944,0.174104,0.118735
Fishing,0.404954,0.01156,0.019331,0.078084,0.048516,0.388867,0,0.024244,0.011412,0.394947,0.073736,0.058939,0.027738,0.601294,0.02227,0.028667,0.027237,0.012015,0.04262,0.086774,0.025718,0.045491,0.07158,0.031329,0.027576,0.01062,0.031613,0.024193,0.017331,0.028766,70.97898,0,0.792909,0.041579,0.027245,0.023778,0.020956,0.013467,0.431157,0.337164,0.013976,0.037654,0,0.005781,0.013964,0.270729,0.041582,0.036991,0.06452,0.015811,0.029509,0.10456,0.028319,0.028108,0.039502,0.237138,0.049281,0.351514,0.032267,0.10528,0.033435,0.008576,0.014921,0.023531,0.048894,0.039307,0.012221,0.052627,0.026233,0.02764,0.019129,0.053269,0.008532,0.014298,0.015583,0.015572,0.01306,0.022896,0.066586,0.028199,0.015545,0.51973,0.085184,0.040691,0.037023,0.021174,0.022565,0,0.067199,0.075617,0.030359,0.00735,0.936045,0.024706,0.02438,0.027277
Food & beverage services,1.355787,1.121809,0.596614,0.772611,4.260994,1.31756,3.275684,1.241633,0.983114,1.140533,0.733641,0.945946,1.109606,1.693171,0.62187,0.948856,0.618426,0.798283,9.896521,1.115368,2.312918,0.766766,1.00981,1.843157,0.779405,1.219936,0.515193,0.327433,0.861312,2.883699,0.758115,0.764912,1001.381,0.758134,1.272016,2.143338,1.305276,0.994963,0.615117,1.246779,0.550724,2.880438,0,0.280283,1.12458,0.462321,4.711793,1.060098,0.706498,0.826378,0.60742,3.832198,2.963048,0.659838,0.692581,0.624463,0.285093,1.934682,0.660906,0.813286,0.710444,0.533055,0.420439,1.44259,0.59598,0.718314,0.19924,1.980133,0.694666,3.338095,0.616744,2.077406,0.532639,0.78336,0.302976,0.69479,2.856722,0.488661,10.4803,0.688982,0.254054,0.81594,1.565452,0.698408,1.029073,1.411694,0.385947,0,1.5533,1.461568,1.664938,0.34341,0.903418,1.092397,0.728183,1.209022
Forestry harvesting,0.097567,0.069389,0.098185,0.25294,0.1031,0.305981,0.313882,0.123648,0.108887,0.630099,0.620596,0.629078,0.066398,0.965104,0.664913,0.602161,0.363654,0.077827,0.211542,1.988131,0.127818,0.275334,0.401226,0.135425,0.332939,1.874219,0.049442,0.469977,0.043037,0.105309,0.594152,0.535272,0.125198,0,0,4.510074,0.112037,0.287196,0.353106,1.219742,0.068325,0.129483,0,0.097567,0.054804,0.160301,0.215351,0.125141,0.364341,0.093532,0.361092,0.400658,0.124954,0.178546,0.309332,0.304375,0.31125,0.615721,0.119232,0.775924,0.159683,0.035755,0.057075,1.084076,0.389701,13.41167,0.138199,0.103441,2.627274,0.214901,0.825416,0.200256,0.103531,0.223246,0.111263,0.145812,0.085171,0.067892,0.081944,0.787558,0.036408,0.59485,0.477992,0.148849,0.112163,0.10501,0.495443,0,0.117667,0.191228,0.192172,0.133709,0.08036,0.301784,0.125192,72.10276
Forestry planting,0.087518,0.060042,0.075828,0.150653,0.091466,0.154568,0.273863,0.104392,0.078208,0.25408,0.255144,0.254943,0.053965,0.410219,0.253373,0.236382,0.156128,0.052456,0.110334,0.852047,0.212549,0.227185,0.193647,0.070293,0.14007,0.65029,0.078233,0.195025,0.168983,0.104372,0.255474,0.228476,0.080963,0,0,1.581129,0.173067,0.117695,0.179318,0.461024,0.051002,0.075055,0,0.068787,0.049942,0.089418,0.211369,0.078396,0.218777,0.064795,0.153577,0.191389,0.133794,0.101243,0.133153,0.237825,0.125236,0.244849,0.088512,0.299601,0.090265,0.022327,0.047072,0.402491,0.172022,4.512315,0.057607,0.092755,0.931271,0.143887,0.310335,0.098114,0.070868,0.168476,0.0733,0.074551,0.061888,0.037391,0.134408,0.288823,0.032315,0.256461,0.211898,0.2521,0.07987,0.088153,0.189315,0,0.164332,0.109459,0.145674,0.070883,0.06808,0.155048,0.088212,24.07548
Furniture,0.046645,0.039379,0.025367,0.096879,0.071283,0.122651,0.188707,0.116046,0.04392,0.109973,0.226222,0.151216,0.092657,0.112794,0.157173,0.082977,0.101854,0.034825,0.128511,0.162131,0.098479,0.194836,0.145282,0.271875,0.149165,0.052545,0.033005,0.135076,0.029341,0.057361,0.172262,0.197936,0.088929,0.287717,0.564802,1002.985,0.034852,0.041238,0.128381,0.110826,0.039472,0.180079,0,0.012906,0.065824,0.086441,0.071425,0.127323,0.14436,0.113398,0.19324,0.134545,0.03489,0.066931,0.459003,0.096437,0.162546,0.12495,0.103877,0.13192,0.14222,0.019575,0.050232,0.275853,0.171505,0.139373,0.063265,0.067988,0.130335,0.53906,0.093777,0.06418,0.043699,0.057549,0.11736,0.093957,0.121313,0.123877,0.214939,0.248144,0.074163,0.166281,0.078466,0.358702,0.047138,0.06757,0.300204,0,0.068654,0.176878,0.082601,0.028154,0.049649,0.242503,0.125667,0.353515
Gambling,7.23563,0.56221,0.934658,0.369881,1.196198,0.393567,0.394711,0.742028,0.948168,0.261196,0.57667,0.702174,0.777362,0.427846,0.189493,0.370061,0.241082,0.643247,0.493752,0.563184,7.749627,2.251582,0.257035,0.236218,0.278221,0.327852,0.927244,0.281458,2.952267,4.536605,0.301819,0.320552,0.484249,0.663624,1.272575,0.573983,1093.406,0.310357,0.275544,0.296274,0.559341,0.250774,0,0.319105,1.083602,0.201885,1.471878,0.258363,0.194885,0.416416,0.32087,0.333123,66.48547,0.39709,0.246007,0.370767,0.211701,0.338484,0.475666,0.481012,0.277102,0.202834,0.637252,0.527408,0.326612,0.310814,0.242173,0.814508,0.55224,0.559751,0.314871,0.653335,0.711297,0.47906,0.36183,0.326142,0.653665,0.381038,0.74727,0.199981,0.526282,0.364907,0.583851,29.29637,0.586137,0.995573,0.146452,0,1.248115,0.329219,0.398676,0.156388,0.587664,0.516223,0.458572,0.426076
Gas etc,3.112703,1.314342,1.180643,2.932274,2.779822,9.261341,22.81253,2.532193,2.444892,11.53937,11.56961,2.098914,1.533688,35.61742,4.023366,13.83709,21.382,1.590087,5.876185,3.686761,3.639982,10.03322,8.891834,2.660674,8.500366,0,1.764906,17.51152,0.853725,2.054386,14.63745,11.86248,2.687371,6.919307,2.789341,10.30473,1.539911,0,45.74436,11.76385,0.976965,4.437436,0,1.702935,1.766803,27.21421,1.578268,11.83115,5.060455,1.237661,13.64632,7.389878,1.260157,23.40752,4.614046,15.00206,2.259096,9.838871,2.213621,5.825186,17.47865,1.199912,0.953833,10.98291,6.830637,27.34504,2.721222,2.869821,8.262287,3.849282,2.690707,6.329249,0.850855,1.048381,2.35662,4.579102,1.310714,1.783143,2.907485,9.420461,0.560804,5.46209,12.59584,4.936111,1.267223,2.523529,5.406162,0,1.706412,4.654473,2.554626,5.9824,1.012198,7.286977,2.004062,10.33136
"Glass, clay & stone etc",0.204758,0.059218,0.065202,1.607106,0.809026,0.356383,0.522885,0.114235,0.068689,0.38486,15.92591,0.982339,0.06829,0.607404,1.63159,0.48158,0.505826,0.084679,2.700677,5.382662,0.192678,0.549813,1.479169,0.282287,1.946698,0.118316,0.062118,0.786929,0.079365,0.125204,1.467903,0.48943,0.382462,0.410815,0.281093,0.515423,0.106397,0.098852,1013.198,0.543482,0.065499,0.184705,0,0.189327,0.115719,0.209477,0.251984,3.102172,0.317579,0.08964,0.436773,0.783191,0.172332,0.22675,3.11223,1.368549,0.491929,2.209972,0.407368,0.345919,0.395397,0.068167,0.070306,1.400814,1.069885,0.30038,0.322804,0.240623,0.273969,0.429493,0.105298,0.912205,0.09695,0.527251,0.120053,0.426766,0.307427,0.100765,0.127563,10.06055,0.085438,3.909376,7.441844,0.171482,0.263738,0.37154,0.230256,0,0.241827,0.322966,0.567398,0.152121,0.209818,0.172807,0.934321,2.566726
Grain milling & starch,0.154072,0.005743,0.005184,0.413301,0.012295,14.11312,0.682684,0.006632,0.005393,9.970045,3.967253,0.021413,0.007923,0.01618,0.018084,0.006929,0.011246,0.004899,0.017602,0.010119,0.049107,0.015424,0.460929,0.04618,0.01327,0.004185,0.005002,0.012236,0.005417,0.007821,0.551193,0.031266,0.283119,0.018773,0.019994,0.009799,0.043343,0.00552,0.014672,1005.197,0.004836,0.037865,0,0.001166,0.004576,0.013568,0.011225,0.028209,0.117182,0.004483,0.014928,1.163217,0.009646,0.009602,0.020595,0.012107,0.014355,1.423588,0.010123,0.009951,0.013568,0.001955,0.00439,0.010754,0.014001,0.726557,0.11641,0.010658,0.044926,0.012467,0.01896,0.008744,0.00304,0.003047,0.005381,0.007646,0.006081,0.010807,0.060255,0.02091,0.005322,0.038961,2.424926,0.041193,0.004711,0.006063,0.016428,0,0.008459,0.017444,0.009016,0.002984,0.008264,0.013384,0.007842,0.014472
Head office & consulting services,3.368649,3.119543,21.84409,0.958405,3.922662,1.564582,1.584696,8.819459,2.540973,1.481745,10.36753,5.647482,13.91009,2.295632,9.761369,1.745977,1.302679,7.699154,1.758959,3.300332,6.819998,6.951777,1.114142,1.050229,1.522127,1.556472,19.19739,1.70205,4.683955,23.63628,2.259493,2.036265,2.788841,3.954375,1.596048,4.66655,4.419987,1.178843,1.927327,2.175908,1028.666,1.081197,0,1.5353,4.198884,0.898794,11.47958,1.127919,5.596943,3.57827,1.701149,1.588881,1.848708,1.585984,3.017677,1.906446,1.53358,1.943591,2.646365,2.772489,1.331245,1.478116,4.230183,2.287959,3.290327,1.535231,1.428849,3.408791,3.468952,4.99472,3.806607,3.308207,4.063613,2.995587,3.015656,3.610478,4.08943,2.778338,1.0539,1.473473,4.447802,5.386787,10.13103,7.274286,3.434778,2.842222,1.661454,0,4.712768,1.467125,2.642069,1.284434,2.68199,3.357707,3.856133,2.779781
Health,0.124895,0.246477,0.1176,0.251881,0.183178,0.085775,5.176527,0.212468,0.11309,0.252118,0.156409,0.450123,0.088225,0.209234,0.230155,0.069191,0.151799,0.130254,0.260513,0.135428,0.066553,0.066169,0.176641,0.211174,0.18106,0.424009,0.124864,0.248619,0.506399,0.394304,1.890879,3.448447,0.13827,0.092139,0.077362,1.07068,0.181066,0.188467,0.078991,0.189378,0.156468,1006.528,0,0.048644,0.050014,0.187166,3.59954,0.120059,0.055143,0.103757,0.216869,0.174216,0.196641,0.465167,0.108231,0.082916,0.16721,0.107329,0.140714,0.184635,0.428367,0.506613,0.100946,0.480936,0.760274,0.127268,0.345004,0.26798,0.166751,1.258995,0.063776,0.131757,0.323691,0.10248,0.102798,0.239692,0.050526,1.352713,0.46445,0.510328,0.024542,0.079541,0.121536,0.086334,0.065437,0.134039,0.156664,0,0.160987,11.48147,0.679538,0.131404,0.133604,0.466752,0.120073,0.400721
Households as employers,0.000256,0.000343,0.000267,0.000835,0.000498,0.000764,0.000623,0.00038,0.000378,0.000893,0.001011,0.000422,0.000305,0.003584,0.000662,0.011363,0.000606,0.000527,0.000936,0.004778,0.000426,0.000626,0.000806,0.00087,0.000832,0.000697,0.000534,0.001875,0.000291,0.000317,0.000942,0.00049,0.000239,0.003389,0.002083,0.00248,0.000219,0.001148,0.001775,0.000499,0.000206,0.000859,1000,0.000222,0.000459,0.000691,0.000891,0.000921,0.000468,0.000371,0.001057,0.00106,0.000363,0.003875,0.000474,0.003081,0.000551,0.001166,0.002776,0.001259,0.000658,0.000392,0.000184,0.001257,0.000897,0.001071,0.000104,0.001085,0.002267,0.000532,0.000598,0.013652,0.000434,0.000534,0.003466,0.001019,0.000506,0.000275,0.000297,0.000897,0.000161,0.001427,0.000925,0.000518,0.00179,0.000363,0.00086,0,0.002191,0.000634,0.00645,0.000531,0.000422,0.000945,0.001795,0.001889
Imputed rent,0,0,0,0,0,0,0,0,0,0,0,0,0,0,0,0,0,0,0,0,0,0,0,0,0,0,0,0,0,0,0,0,0,0,0,0,0,0,0,0,0,0,0,1000,0,0,0,0,0,0,0,0,0,0,0,0,0,0,0,0,0,0,0,0,0,0,0,0,0,0,0,0,0,0,0,0,0,0,0,0,0,0,0,0,0,0,0,0,0,0,0,0,0,0,0,0
Information services,0.842016,0.728374,1.60226,0.68827,1.946574,0.559463,0.319999,1.282882,1.415339,0.260583,1.092504,0.986683,1.735107,0.389265,0.309239,0.202718,0.232624,1.292122,0.425843,0.38062,14.49817,0.960657,0.4023,0.227562,0.348528,0.31344,0.89699,0.215024,1.103707,1.7457,0.451241,0.320685,0.592772,0.41201,0.233324,0.779937,0.690446,0.29452,0.30001,0.394307,1.51928,0.282438,0,0.138823,1002.079,0.199441,2.429725,0.36191,0.247947,0.631871,0.405074,0.439644,0.58155,0.294936,0.332676,0.288886,0.251969,0.370494,0.795501,0.529388,0.353463,0.253197,0.843195,0.639099,0.415589,0.428585,0.329528,1.287644,0.956432,0.45238,0.750973,0.911977,0.62818,0.322882,0.5274,0.562367,1.27237,1.201198,0.224947,0.240708,0.755857,0.612518,1.075204,0.962476,1.009142,1.533127,0.192835,0,0.779168,0.471367,0.313652,0.114919,0.707319,0.390998,0.793762,0.501039
"Inorganic chemicals, dyestuffs & agrochemicals",0.10845,0.02354,0.059959,6.48055,0.155467,0.719039,0.748256,0.050391,0.032872,0.438073,1.299979,0.679776,0.067966,0.970828,4.848811,0.547065,9.487229,0.036257,0.344214,0.310758,0.207571,0.17164,2.177704,0.094316,0.199994,0.055589,0.031459,0.424305,0.087776,0.043423,0.676751,0.134178,0.14595,1.143381,1.199445,0.171253,0.16593,0.043194,1.028216,1.720866,0.034709,0.329948,0,0.019222,0.030974,1022.884,0.09237,0.879023,1.365142,0.02724,0.168334,2.122888,0.089975,0.292033,0.320841,1.149316,11.76114,0.890556,0.127366,0.217144,0.20997,0.067346,0.051276,0.300182,11.852,1.630249,0.460765,0.049268,0.900018,0.119443,0.216927,0.090555,0.03174,0.056952,0.048736,0.124002,0.088239,0.162016,0.07688,1.700839,0.05505,0.626607,0.315751,0.195622,0.075315,0.066301,1.683317,0,0.06247,0.340891,0.147078,0.524182,0.068796,0.313191,0.098531,0.507547
Insurance & pensions,4.257441,2.380713,2.529479,8.850187,12.49398,3.063061,37.05598,2.466108,2.531958,3.300077,3.347745,2.324966,1.718462,4.091889,2.633247,3.118585,1.850514,3.386132,2.873875,4.845243,4.497051,2.812702,4.323503,1.288166,4.242589,3.073457,3.0692,6.453695,2.027394,6.719724,7.736067,35.82756,3.626604,5.693508,2.972196,9.518707,2.318283,3.059492,4.604174,3.00095,1.64946,5.411981,0,6.251861,4.588222,3.668803,1093.845,3.028172,3.018369,1.732084,5.765988,4.131816,0.674391,4.714488,2.357612,4.866218,1.429716,2.984032,3.614784,2.717586,2.705347,1.23307,1.34163,7.169022,2.794866,3.015147,0.443522,5.339857,4.032809,5.331658,1.438885,2.480229,5.816291,8.496027,4.507777,6.502778,5.909237,2.10966,2.626233,3.277202,0.96535,2.104369,2.308258,3.234785,3.113019,2.475232,1.843229,0,5.521969,6.738726,9.033107,6.528342,4.167715,5.190751,3.795987,6.750594
Iron & Steel,0.050901,0.031047,0.034359,0.294696,0.178422,0.439344,0.502221,0.064002,0.050032,0.239229,2.537559,0.107166,0.044743,1.589199,0.492003,1.759689,0.741162,0.041402,1.670615,0.785645,0.049694,0.094363,0.271198,0.047299,3.991862,0.172402,0.031993,18.28225,0.024775,0.054962,0.319721,0.812978,0.076115,0.298522,0.133609,7.694619,0.037563,0.067188,0.319675,0.191719,0.028746,0.079961,0,0.035391,0.052166,0.122171,0.131237,1039.038,0.254746,0.035856,11.91742,0.254334,0.036016,1.440573,7.711215,0.7498,0.163368,0.332749,0.258404,1.523861,4.471331,0.017664,0.027617,3.938479,0.502354,0.14737,0.098455,0.099178,0.131604,0.136938,0.060762,0.3312,0.043776,0.100948,0.08541,2.070408,0.183404,0.103291,0.069848,1.426655,0.043162,0.866025,0.290057,0.077578,0.075075,0.117687,0.284851,0,0.082468,0.14037,0.894976,0.277941,0.181487,0.158062,0.166097,0.551538
Leather goods,0.022759,0.008255,0.022341,0.021265,0.027648,0.035345,0.091662,0.01786,0.011707,0.014849,0.025127,0.036862,0.042862,0.010411,0.01512,0.012652,0.006655,0.009145,0.009102,0.026853,0.048311,0.033632,0.016239,0.008551,0.014095,0.004074,0.007904,0.013813,0.027621,0.012258,0.023915,0.091788,0.043755,0.020455,0.020607,0.21843,0.027225,0.003386,0.009014,0.013226,0.015731,0.009484,0,0.002165,0.01573,0.005292,0.013848,0.01074,1013.935,0.007003,0.024705,0.052432,0.016017,0.010652,0.079438,0.01066,0.007814,0.02874,0.029892,0.013114,0.012821,0.031602,0.019724,0.085266,0.011092,0.019353,0.00335,0.057694,0.015659,0.075682,0.007597,0.052565,0.005829,0.008011,0.023259,0.009787,0.007494,0.047557,0.02887,0.027028,0.016686,0.019148,0.007967,0.022432,0.014301,0.024799,0.044928,0,0.018247,0.127712,0.013642,0.007164,0.007008,0.053316,0.42581,0.012844
Legal activities,2.550087,12.56703,6.618656,13.43046,3.301804,2.242003,1.466969,13.4138,4.216546,1.222821,2.086246,5.117665,7.172806,1.778803,1.306099,1.056921,1.370344,6.289735,1.52396,3.656848,2.313518,1.439206,4.926344,0.678857,1.272061,1.609597,5.414301,1.655637,1.999605,9.563517,1.896875,1.939498,2.272138,1.41766,1.328807,3.239354,2.096348,1.102777,1.191988,3.601772,4.969652,5.460945,0,2.320273,6.370401,1.139789,10.91824,0.685185,1.364294,1022.23,1.701627,4.682775,1.927026,14.38157,0.984076,1.182119,1.237945,2.333703,2.890498,2.122463,1.14094,0.9505,4.229363,1.617954,1.753786,1.181661,0.991258,2.328166,1.628856,10.56695,0.727954,3.652187,8.927073,2.15642,11.77699,1.301102,5.290965,1.866301,1.450513,1.202579,2.740217,1.519779,1.675549,2.015012,2.475827,1.933628,0.790481,0,2.127483,4.278037,3.312751,1.465736,5.482076,2.165505,2.190498,1.245416
Machinery & equipment,0.349006,0.246527,0.298956,1.361741,3.183042,2.630988,6.267286,0.491587,0.411195,2.115172,8.539633,1.282165,0.343746,1.495578,3.664869,2.684573,2.166458,0.387448,4.013428,5.116958,0.38756,1.486429,1.954081,0.293815,7.276805,1.27545,0.281989,4.538339,0.227631,0.397111,2.974972,8.856234,0.485992,3.263012,2.000017,2.135649,0.287997,0.546911,1.790745,2.683704,0.248687,0.544645,0,0.244799,0.556375,1.134913,0.627015,2.536352,1.41529,0.286692,1010.511,1.722325,0.269388,5.369578,8.698081,2.231649,1.53673,1.995841,1.240314,3.230347,6.656007,0.147321,0.213294,17.67615,4.945262,2.106086,0.620189,0.622499,1.569015,0.827149,0.644996,1.909051,0.312796,0.699399,0.903157,6.635227,1.516695,1.765114,0.388017,6.805684,0.473728,4.353256,2.530066,0.827892,1.013886,1.426295,1.437419,0,0.831949,2.575659,1.86981,0.935253,4.362033,1.418772,1.642107,5.098264
Meat processing,1.449059,0.094718,0.092266,3.050031,0.255747,17.52526,3.560123,0.115049,0.042729,3.648845,0.476121,0.322174,0.669548,0.108969,0.108153,0.065407,0.106496,0.050829,0.123803,0.079454,0.243281,0.206058,1.422703,0.283529,0.080633,0.032749,0.03902,0.075899,0.059481,0.10337,0.978916,2.390933,2.411452,0.132778,0.145042,0.095191,0.048779,0.048681,0.240017,1.23113,0.065328,0.601494,0,0.010693,0.070675,0.078846,0.117564,0.159978,68.47635,0.064551,0.103774,1025.79,0.086686,0.066659,0.128755,0.161722,0.107105,11.54813,0.121022,0.065008,0.085668,0.041971,0.053014,0.079011,0.207152,0.12474,0.12949,0.185706,0.085701,0.235896,0.072966,0.180424,0.032204,0.028415,0.061273,0.048392,0.047318,0.126135,0.593963,0.130875,0.076624,1.004072,0.271874,0.779145,0.08443,0.081061,0.103268,0,0.116541,0.334956,0.173899,0.026325,0.112741,0.106155,0.118586,0.103472
Membership organisations,1.33294,1.223739,4.500192,0.280042,1.325506,0.796039,0.345989,1.475892,0.861323,0.798798,1.161338,3.996139,3.184944,0.389393,0.691989,0.237106,0.473411,0.625931,0.877802,0.359453,38.78141,25.08157,0.230575,1.110065,0.389074,0.665828,8.867698,0.711879,35.42,3.536277,0.352277,0.427459,2.205421,2.80542,7.829845,1.015162,31.778,0.492381,0.29614,0.355837,0.766303,0.425346,0,0.234774,1.075687,0.640438,1.528075,0.176255,0.187421,0.652796,0.750191,0.363216,1017.832,0.351436,0.358959,0.364699,0.29567,0.432201,0.842538,0.803779,0.399526,0.391078,2.907889,0.776376,0.953321,0.47959,0.452765,1.542059,1.377977,2.020835,0.713566,1.000978,0.758199,0.352219,0.521459,0.976495,0.895194,0.672809,4.79207,0.355659,2.326976,0.324106,1.120177,46.26557,1.951985,2.971419,0.138277,0,2.559338,0.27871,0.637561,0.172374,0.570972,1.417618,0.329787,0.475571
Mining Support,0.924216,1.048664,0.964811,2.353536,0.832041,2.369708,5.335839,3.827444,0.53247,1.900581,2.342743,1.36272,1.23733,3.587167,1.350616,1.999488,1.497893,1.159957,2.262457,2.669286,0.585383,0.767943,2.799684,0.639034,1.596734,0.777313,1.2098,1.925954,0.536803,1.047067,3.153847,1.074442,1.018896,2.908912,2.486773,2.727321,0.58635,0.759051,2.676264,2.244939,0.689887,1.349878,0,0.427132,1.556986,1.888398,1.37448,2.056578,1.749233,0.752878,1.791287,2.566742,0.548856,1076.571,2.156648,5.566427,1.350396,1.740635,1.659523,1.498413,1.881261,0.269247,0.970159,1.911377,1.753694,2.248529,0.429001,1.508488,2.31562,1.0782,1.18447,1.840943,1.941739,0.879143,1.93418,1.154782,1.316582,0.885155,0.757826,1.468925,0.600219,2.371639,2.0012,0.788628,1.153088,0.894383,1.448153,0,1.96455,1.638318,3.152725,0.548256,0.73808,2.39426,1.946231,2.85072
Motor Vehicles,0.11439,0.132131,0.10903,0.629992,0.266215,0.379162,0.362512,0.183768,0.140872,0.374598,0.834323,0.265575,0.12837,0.805764,0.475091,0.957188,0.183966,0.169091,0.413795,0.493085,0.08241,0.186519,0.589114,0.092871,0.773309,0.113915,0.147193,0.478665,0.094953,0.163023,0.393137,0.449428,0.118698,0.505315,0.535419,0.668224,0.07535,0.062411,0.375609,0.274507,0.092662,0.115624,0,0.036627,0.257242,0.154478,0.244649,0.860617,0.237182,0.142237,1.359508,0.436193,0.07216,0.273772,1007.136,0.879698,0.228275,0.370218,1.109705,0.420325,0.749765,0.071705,0.107127,0.750354,0.425653,0.308252,0.081671,0.419647,0.359092,0.221059,0.126524,0.410726,0.121442,0.111791,1.650474,0.661379,0.495223,0.167879,0.171572,1.20778,1.501207,0.618562,0.283178,0.209843,0.228382,0.220229,0.371689,0,0.384676,0.215666,1.158879,0.171784,0.223246,0.408644,2.4425,0.857637
"Oil & gas extraction, metal ores & other",0.364402,0.186597,0.143641,1.499377,0.500297,0.507067,1.242325,0.323854,0.133278,0.486546,1.92707,0.837171,0.228409,104.5829,0.780092,0.573043,1.35872,0.179573,0.506041,11.89483,0.498382,0.73811,0.857061,0.262045,0.451075,0.22481,0.188222,0.441011,0.18892,0.307635,0.664985,0.581728,0.612818,1.288182,0.80612,0.709729,0.41617,0.179137,73.05966,0.687727,0.163996,0.282264,0,0.421537,0.177392,45.70676,0.579557,0.806663,0.476628,0.237754,0.414916,0.79688,0.394124,0.438762,0.615764,1039.191,5.332318,0.731893,0.435257,15.73339,1.464588,0.13521,0.189135,0.553496,4.228168,2.961878,0.136713,0.405645,0.673183,0.63426,0.284197,1.224188,0.244341,1.156889,0.279063,0.280581,0.229139,0.152082,0.1831,1.279356,0.228319,0.928555,1.019605,0.693493,1.441016,0.406907,0.366277,0,2.032155,0.458244,0.780858,0.409897,0.472125,0.399587,0.435118,0.911167
Other chemicals,0.146567,0.081083,0.289325,0.832377,0.351403,2.659459,0.507267,0.167978,0.126231,0.310526,1.360858,5.551331,0.332107,1.87969,6.303743,7.494729,1.373581,0.147027,1.559489,1.12062,1.422965,0.887256,0.671063,0.359572,0.666794,0.153309,0.105232,0.900158,0.332345,0.171348,0.811992,0.454818,0.192245,2.674371,2.594306,0.676251,1.51041,0.088987,0.54404,1.137363,0.175538,1.154281,0,0.056367,0.115719,0.850419,0.290838,0.468992,0.457614,0.117042,0.778355,1.152949,0.4705,0.406037,1.063852,1.771255,1053.514,2.456587,0.430501,1.368523,0.794038,0.477571,0.421666,1.161795,5.623423,3.313391,0.172993,0.176866,9.932394,0.270331,0.919734,0.317254,0.151893,0.177376,0.130962,0.441151,0.154246,0.344198,0.334498,1.747761,0.206532,0.625074,0.305279,0.476398,0.3296,0.198678,0.302609,0,0.226859,3.026561,0.593803,0.810352,0.205829,0.196608,0.525029,2.225713
Other food,0.483808,0.046031,0.053538,0.201755,0.13835,3.693439,0.494599,0.06377,0.056079,5.800961,1.184056,0.26955,0.105175,0.063937,0.090942,0.078974,0.049471,0.032251,0.066503,0.06775,0.092481,0.132341,0.668692,0.098168,0.04967,0.02963,0.041779,0.037989,0.049469,0.075301,3.367583,0.457439,0.952554,0.069149,0.048676,0.036577,0.07201,0.02047,0.090541,2.078421,0.051565,0.163342,0,0.007792,0.036224,0.038746,0.065819,0.099543,2.710069,0.034522,0.060697,1.612627,0.094695,0.07214,0.06302,0.068816,0.450448,1008.073,0.06438,0.03864,0.043724,0.033991,0.055663,0.035946,0.13326,0.116849,0.095798,0.14994,0.108297,0.041791,0.039086,0.104119,0.02041,0.016008,0.025946,0.025993,0.020521,0.089358,0.290832,0.050577,0.064678,7.448701,0.660677,0.136388,0.06666,0.052408,0.042747,0,0.097752,0.345894,0.06287,0.016877,0.122455,0.040702,0.057612,0.054382
Other land transport,6.402533,6.411232,3.856218,25.34233,3.947941,20.68984,68.15233,4.615521,2.910584,18.77701,16.07595,3.440193,2.45323,41.69587,11.17403,12.20278,9.224652,2.592633,7.864465,8.705096,1.663628,2.172351,28.26847,5.923624,9.29125,1.659745,3.444856,14.04442,1.553648,4.729155,19.79617,6.176693,6.455917,26.7703,33.41926,25.13505,1.818432,1.664992,30.35145,19.64833,1.656026,8.969115,0,0.658535,2.945011,15.24308,6.64065,13.06529,12.15897,4.264202,6.4552,22.94616,1.315098,3.746719,8.403812,83.19429,8.306752,11.69933,1015.65,8.900102,12.17694,1.311494,1.483672,5.97503,13.25155,21.04915,1.729164,15.57205,17.90558,4.947201,10.80919,7.892543,4.155122,1.764069,12.37806,4.453416,5.798013,2.263804,7.342414,8.318495,1.693437,23.25783,21.32213,3.69585,9.628251,4.319861,8.81483,0,18.41411,13.89051,34.35464,3.466277,3.41475,16.25478,16.89982,32.58334
Other manufacturing,0.164933,0.201571,0.39634,0.476321,0.584956,0.895709,1.387785,0.43556,0.480718,0.460901,1.221447,0.774305,0.111716,0.354095,0.867586,0.486424,0.628431,0.296832,1.205404,1.008939,0.185773,0.384204,0.69422,0.297536,1.425857,0.311902,0.137536,0.677924,0.110413,0.28508,0.666885,1.490401,0.248032,0.634212,0.709647,0.662058,0.287205,0.186561,0.511977,0.648297,0.165034,0.545326,0,0.063217,0.279436,0.307505,0.349164,0.41679,0.471077,0.360872,5.393365,0.477944,0.119842,0.565071,2.026108,0.51011,1.025761,0.486595,0.506959,1003.479,0.777571,0.105901,0.136508,3.102562,0.980558,0.469243,0.472405,0.286961,0.954929,0.368744,0.692516,0.433531,0.267,0.168269,0.253305,2.58013,0.30347,0.56541,0.245271,1.318648,0.157363,0.800002,0.397081,0.278794,0.369714,0.691118,0.461569,0,0.304193,7.991993,0.334016,0.817688,0.496891,1.222849,0.600455,0.858128
Other metals & casting,0.045549,0.036547,0.060652,0.158142,0.193564,0.322784,0.451416,0.063552,0.049455,0.216958,1.754605,0.448464,0.042476,0.373122,0.423216,0.228622,1.022746,0.069031,2.912741,1.231231,0.058983,0.115583,0.221297,0.040749,9.259451,0.627483,0.030241,11.24901,0.026166,0.056257,0.58928,0.87277,0.062418,0.232453,0.116514,0.992288,0.04645,0.117177,1.186356,0.145675,0.034104,0.070457,0,0.050516,0.090357,0.090442,0.133032,1.050613,0.196731,0.037108,10.62628,0.187628,0.030584,0.631529,7.860621,0.191427,0.913699,0.359561,0.160328,3.470102,1051.716,0.025437,0.030721,4.458751,0.360632,0.151459,0.388302,0.193183,0.150357,0.131003,0.058614,0.201715,0.045497,0.135181,0.098651,1.885782,0.220552,0.153344,0.037337,1.466301,0.042222,0.68721,0.22289,0.07566,0.083633,0.278308,0.215088,0,0.075322,0.165891,0.210094,0.092003,0.184997,0.1188,0.155752,0.415836
Other personal services,1.832915,2.676595,3.560499,0.284885,6.863401,0.292603,0.544205,2.879623,0.862207,0.260756,1.46752,1.391487,0.36463,0.985947,0.310364,0.520941,0.507334,0.954945,1.088009,0.699702,2.590475,2.006534,0.259739,0.85122,0.291219,1.354812,2.957542,0.629023,3.681126,3.336951,0.473868,2.02432,4.361819,12.20955,0.432232,1.752458,1.479567,0.650985,0.714171,0.368536,0.799393,3.376981,0,0.284045,1.157443,0.410865,1.360178,0.261023,0.245369,0.770428,0.491763,0.283929,0.676501,0.771669,0.265986,0.480291,0.207512,0.48293,0.715549,1.304327,0.861572,1005.17,1.185214,0.972627,0.605156,0.613328,0.295571,5.761737,1.699901,3.43015,2.014452,1.346295,2.455492,0.516979,7.117041,0.691615,0.489245,0.634038,4.579988,0.322062,1.291652,0.408194,1.46095,2.377369,0.868089,2.028636,0.178518,0,1.141526,4.542926,2.156812,0.228177,3.022458,0.423604,0.362004,1.231437
Other professional services,1.36702,0.876539,1.343284,0.508011,1.373716,0.547799,0.603929,4.585668,1.18145,0.280668,0.829807,2.034041,14.63351,0.897325,0.691995,0.391936,0.642071,6.20276,4.925662,1.365497,3.190568,3.009876,0.559362,2.449724,0.802687,0.598699,1.48872,0.998912,1.28028,2.850608,1.217522,2.581663,1.164138,1.319821,2.876274,0.873592,2.158337,0.39241,0.579936,0.60609,6.094255,1.184895,0,0.26177,5.76154,0.438608,3.655472,0.537949,0.31695,1.901754,0.872979,0.742127,3.014479,0.684854,0.586152,0.606279,3.666773,0.687017,1.58386,0.839395,0.519638,0.967067,1017.327,1.246919,0.576315,0.500334,0.505006,1.847024,0.765121,2.244615,0.459417,1.340845,1.599897,0.856067,1.745141,0.932687,4.761628,6.608657,0.731905,0.58278,0.831744,0.972128,0.671021,2.902713,1.247857,1.014856,0.311349,0,0.928942,1.24919,2.668199,0.311657,0.920692,1.063656,1.537726,0.833498
Other transport equipment,0.357098,0.333341,0.358461,0.616496,10.28583,1.250341,27.58243,1.45173,0.346029,0.950295,3.909292,1.37445,0.468258,0.762114,1.501942,1.202956,1.023083,0.446842,1.6876,2.349574,0.32594,0.756833,0.814583,0.176621,3.065394,0.630099,0.412289,2.136913,0.258704,0.502173,11.75303,132.9131,0.44991,1.504536,0.950483,1.206287,0.33057,0.31062,0.848222,1.23414,0.31749,0.38447,0,0.16956,0.678248,0.571964,0.732699,1.14573,0.638784,0.293677,4.549654,0.741795,0.271251,4.956593,3.389013,0.93897,0.727881,0.933976,0.71819,1.444808,3.287262,0.114986,0.336136,1097.574,1.756353,0.864394,0.319456,0.708324,0.707086,4.378336,0.304681,1.104532,0.593559,0.519366,0.537647,3.432159,0.777925,0.457153,0.189472,2.726485,0.220531,1.946837,1.187011,0.52446,0.706175,0.720889,0.567714,0,0.730645,1.149829,0.914191,0.433363,2.384004,0.721178,0.761012,2.399606
"Paints, varnishes and inks etc",0.062942,0.071484,0.333995,0.201984,0.066799,0.096767,0.154199,0.092016,0.095968,0.09245,0.320987,0.074128,0.05028,0.096254,0.164062,0.068336,0.077693,0.052968,0.09132,1.087088,0.16749,0.3399,0.135292,0.17586,0.85497,0.037199,0.029626,0.869022,0.071925,0.06293,0.133726,0.250359,0.11672,0.11273,0.09227,0.481644,0.206534,0.027466,0.583765,0.156084,0.026237,0.045976,0,0.050512,0.066953,0.042768,0.119143,0.101214,0.084097,0.04983,0.288449,0.12724,0.321806,0.09557,0.723499,0.070594,0.130674,0.120275,0.108647,0.138737,0.127956,0.066688,0.024598,1.348188,1020.99,2.515466,0.031297,0.062847,3.962115,0.216663,2.12783,0.265123,0.03222,0.161727,0.050886,0.587388,0.03969,0.116619,0.122997,0.396787,0.046993,0.160952,0.102365,0.333278,0.056615,0.083702,0.097347,0,0.096264,0.05312,0.1822,0.042659,0.054305,0.065585,0.078253,1.598651
Paper & paper products,0.563968,0.558585,1.363859,1.964591,0.641041,4.646912,1.164179,1.226345,1.353061,11.47743,7.205586,4.573128,0.451916,2.806558,12.65521,0.758444,1.256544,0.765136,1.894787,1.614081,0.667217,2.565719,6.030159,1.01438,3.18912,0.473214,0.225058,2.093915,0.257079,1.099267,9.793174,0.823042,0.927006,2.703781,6.735812,1.95411,0.269437,0.219699,3.967705,23.42925,0.590818,1.754419,0,0.196665,0.309634,1.081533,1.952095,0.708715,6.333298,0.856385,2.225322,5.693284,0.472293,0.336319,1.771167,0.974518,5.839077,10.82641,1.083365,2.419083,0.879625,0.321198,0.426265,1.343461,2.095247,1082.075,2.348641,0.697903,53.20151,2.236735,17.71056,0.450047,0.745684,0.559484,0.578942,0.759125,1.025058,0.565299,0.736726,12.18174,0.3047,8.265005,5.774905,1.458856,0.690057,0.546742,9.137545,0,1.118706,2.272463,1.306299,1.028366,0.316447,5.127701,1.09098,6.218597
Pharmaceuticals,0.343592,0.126221,0.162417,3.177404,0.242526,24.46859,1.712645,0.410911,0.186543,0.287134,0.434964,0.577146,2.007321,0.299563,3.210754,0.187834,0.28717,0.537333,0.376112,0.275763,0.476025,0.409234,1.284565,0.361229,0.302271,0.116472,0.095872,0.253636,0.326365,0.328131,0.748366,0.488278,0.427331,0.372745,0.255804,0.305014,0.359537,0.138211,0.266959,1.287901,0.878575,15.65917,0,0.036964,0.569277,0.289497,0.402776,0.340478,0.346978,0.287387,0.388758,1.231628,0.495536,0.14896,0.458049,0.281807,0.495999,0.542014,0.432395,0.274749,0.331417,0.197338,0.460788,0.300905,0.260373,0.289135,1012.141,0.290771,0.289431,0.633527,0.154361,0.221891,0.14754,0.119394,0.296499,0.20843,0.383974,3.530972,0.367837,0.294429,0.165977,0.287355,0.234357,0.417111,0.174207,0.195057,0.235416,0,0.227217,7.396324,0.48327,0.110712,0.133791,0.280085,0.410898,0.280181
Post & courier,3.6786,6.92844,3.256368,1.65686,3.265344,2.895676,2.186861,5.306752,27.53751,1.4499,4.817379,4.028344,2.50864,8.08931,5.630944,2.407268,3.203976,3.502368,1.136299,1.955153,2.243713,1.761893,1.913824,1.417099,1.686434,1.481665,4.149247,2.937606,1.998735,27.74433,2.187534,2.09565,3.404725,2.5125,1.415484,4.075003,1.526165,1.083002,2.568706,2.691443,2.613939,2.128853,0,1.741825,2.081343,1.388684,23.44845,1.858683,1.874029,8.166127,1.885354,1.462852,2.593996,3.266058,1.798389,2.703528,1.494732,7.200287,2.932916,1.837456,3.421297,3.629483,1.659665,2.25798,2.041479,3.114192,3.022818,1020.885,1.664184,8.62079,1.08686,2.230914,7.133427,2.198963,2.823429,1.773322,2.073488,2.175092,2.705941,1.572161,1.299458,14.00613,4.46093,2.250865,2.115157,4.942254,0.966107,0,2.110849,2.455953,3.701186,1.149147,2.587986,3.835558,3.286883,2.802889
Printing and recording,0.320375,0.396133,0.545359,0.658702,0.734928,0.581679,0.596827,0.643148,1.837353,0.967392,0.872233,2.865418,0.315008,0.428902,1.474529,0.381825,1.327417,0.455782,0.313702,0.611203,2.095411,7.051775,0.97133,2.671997,0.613954,0.318515,0.299072,0.616741,0.441944,1.614315,0.893868,0.587241,0.513686,0.563222,0.918452,0.511505,0.257456,0.158648,1.212745,1.692089,0.784835,2.325724,0,0.215801,0.293062,0.210869,6.816408,0.211095,0.605052,1.931998,0.930887,0.878509,0.621992,0.239427,0.58694,0.590281,0.828932,1.027356,0.765537,0.738514,0.233772,0.149347,0.693212,1.056396,2.304143,6.689875,1.607948,0.450146,1021.265,2.658489,28.62233,0.475085,0.838629,0.697238,0.30636,0.543627,0.666144,0.350396,0.875302,2.075855,0.401429,0.839198,1.164736,4.886493,1.287758,1.061783,1.078321,0,6.520725,1.277646,1.240953,0.231201,0.592616,0.784332,1.568903,0.679405
Public administration & defence,2.338409,1.834473,1.670151,2.435574,5.966422,3.462919,4.074693,91.26274,1.35443,2.179605,4.758537,3.281755,3.497996,3.040072,3.084062,3.045189,1.597088,2.242154,2.294641,8.827259,2.350848,2.663959,2.079404,0.719666,2.187515,1.658334,4.287011,4.616796,1.406471,3.327835,3.924834,1.549807,1.94944,14.84449,21.72205,8.141244,2.155263,1.098541,2.939367,3.282754,3.416282,2.105658,0,0.970715,3.00099,2.104296,3.596297,2.566193,4.960154,1.366503,3.091014,2.018417,1.12063,1.892368,1.734334,5.351716,2.180607,1.756809,38.77369,4.354174,3.395075,0.698562,2.258801,3.350775,4.45781,2.690189,2.613199,8.270675,3.025937,1004.815,1.519638,13.68935,3.690431,33.80068,2.13415,2.552663,2.452199,11.66356,0.727489,1.90964,1.287575,3.684731,4.572507,2.345963,1.708329,1.677299,1.973042,0,2.850362,2.883285,8.176574,1.608361,2.442114,3.464989,2.215186,4.343876
Publishing services,0.571978,0.361518,0.46921,0.219646,0.798876,0.797249,0.266608,1.115335,0.468853,0.726085,0.989158,0.415563,0.664114,0.574423,1.236352,0.298804,0.257929,0.920435,0.431495,0.311382,0.693244,1.437714,0.377751,0.708812,0.536207,0.613211,0.450816,0.540534,0.856943,1.117356,0.962561,0.22951,0.510965,0.920054,0.455066,1.332737,0.582113,0.348979,0.648211,2.732495,1.098843,0.165978,0,0.165461,0.926834,0.204258,1.545831,0.240909,0.960015,0.587041,0.499905,0.480281,1.133747,0.270778,0.35134,0.25198,0.424722,1.320189,0.596159,1.002468,0.330182,0.209592,0.365979,0.492542,1.715418,0.848467,0.711504,0.922148,3.469801,0.86251,1011.892,0.797054,0.827385,0.270778,0.887069,0.396828,0.418489,0.274905,0.516748,0.516487,0.30394,1.49206,1.139923,1.158211,0.594062,0.831744,0.481305,0,0.3577,0.277803,0.64533,0.192329,0.67579,1.173563,0.600601,0.751735
Rail transport,0.297538,0.48136,0.340303,0.408089,0.766283,0.183814,0.270109,0.610964,0.387812,0.425559,0.543379,0.258323,0.2291,2.110408,0.399644,4.14515,0.274626,0.169478,0.166369,0.58849,0.703633,4.319337,0.423783,1.124435,0.488735,0.258931,0.202536,0.698127,0.276024,0.444949,0.213208,0.30129,0.180037,22.35648,2.653688,1.241058,0.280652,0.215945,1.127588,0.592261,0.152264,2.541294,0,0.072457,0.358538,0.545157,1.307347,0.156733,0.151605,0.183866,0.475722,0.366291,0.33206,1.975132,0.352291,1.82825,0.232042,0.33268,0.597311,0.586149,0.17149,0.109656,0.25265,1.118153,0.417255,0.617263,0.070014,3.243505,0.580991,4.495993,0.363581,1003.639,0.842213,0.303994,0.626062,0.68545,0.899021,0.471566,0.29068,0.353184,0.623081,0.253003,0.457243,3.013113,1.122711,0.232703,0.379481,0,5.919007,0.984098,1.134461,0.134227,0.485296,1.019015,0.478307,1.822907
Real estate - fee or contract,0.149955,0.07267,0.07813,2.781229,0.241853,0.317582,0.281105,0.17486,0.111607,0.153407,0.220468,0.676162,0.139796,0.138117,0.157968,0.140303,0.059893,0.172614,0.092304,0.322442,0.130212,0.156257,0.93504,0.104454,0.099367,0.097412,0.226399,0.121974,0.366302,0.722273,0.308144,0.200957,0.155195,2.621656,7.641574,0.236263,0.096129,0.089053,0.097372,0.96621,0.303024,0.091914,0,0.251466,0.153993,0.050811,3.384143,0.058065,0.233363,0.118338,0.092887,0.9145,0.156915,0.107275,0.065576,0.106593,0.063808,0.439251,0.15891,0.137026,0.063604,0.189488,0.070018,0.117939,0.235919,0.126652,0.086462,0.198679,0.160047,0.235627,0.232279,0.333363,1001.955,0.152558,0.173612,0.136495,0.102079,0.104284,0.058158,0.102023,0.055656,0.238549,0.189697,0.124408,0.121095,0.170289,0.079261,0,0.181193,0.084494,0.217314,0.064121,0.16578,0.174181,0.118479,0.33883
Real estate - own,5.446241,2.631378,2.411149,5.002775,15.97531,2.854359,13.82239,4.158387,2.469615,3.747744,3.241211,4.940308,2.248781,4.106146,1.595952,1.459216,1.826335,4.47301,3.048713,7.118324,5.84328,7.730335,3.190714,2.417267,3.612289,3.522346,5.441902,5.636609,1.844116,14.10311,3.425661,2.580371,5.663727,2.513986,2.078302,11.32495,2.182665,3.913067,3.432688,2.769456,2.09362,7.704427,0,1.821768,2.740209,1.901303,17.16892,2.147119,10.31626,4.417808,3.337841,3.497155,1.094709,1.759377,2.7763,3.343126,1.901764,3.691145,8.336417,1.668566,2.815235,3.113825,1.603968,4.134693,2.492416,2.567513,0.872489,9.079847,6.119604,16.97269,2.808233,2.807612,8.166954,1005.535,2.533164,3.988406,3.857778,5.412114,3.068488,3.112165,1.228596,3.334101,2.107487,6.46313,5.062172,7.758539,1.867786,0,15.22858,4.078503,11.47026,3.444475,8.46158,2.896608,3.877614,4.979879
Rental and leasing services,0.745831,0.960159,0.759544,2.277618,1.413845,2.084581,1.723397,1.116204,1.083219,2.43631,2.760845,1.225114,1.107055,9.709264,1.809855,30.71783,1.657046,1.548779,2.563257,13.0001,1.239576,1.779512,2.19972,2.379278,2.276176,1.908834,1.623819,5.088511,0.848177,0.94782,2.592429,1.370299,0.688504,9.188729,5.665002,6.76029,0.647369,3.125446,4.82194,1.367669,0.72326,2.359185,0,0.618374,1.354757,1.883031,2.51399,2.509169,1.28704,1.061252,2.886764,2.897196,1.033226,10.49565,1.301216,8.346138,1.503272,3.177286,7.564697,3.430606,1.79965,1.080244,0.588455,3.449951,2.444254,2.911714,0.29534,2.985867,6.153093,1.500014,1.65657,36.91819,1.229708,1.496184,1009.414,2.878628,1.450516,0.964651,0.837774,2.443885,0.475961,3.88306,2.523479,1.530212,4.874166,1.037125,2.334631,0,5.99029,1.760157,17.48497,1.45741,1.188545,2.57962,4.892013,5.131149
Repair & maintenance,0.640049,0.500672,0.643976,2.640474,11.59592,6.129072,21.14946,1.33224,0.978471,4.762315,17.26503,3.422789,0.644961,2.705776,8.450343,7.53105,5.9299,0.970539,18.81398,14.08778,0.879862,4.85023,3.337669,0.640643,21.09072,3.562021,0.432243,8.457863,0.606016,0.822193,7.86429,39.40334,0.867732,9.45394,6.219858,4.239396,0.714717,1.302196,3.808506,7.741318,0.479663,2.461444,0,0.592779,1.601369,2.594816,1.336729,5.172201,2.124151,0.563919,29.79517,2.98601,0.550179,16.61598,19.2191,4.850046,2.250183,3.849633,2.531853,9.361277,11.1156,0.332344,0.542728,64.46278,11.29295,4.806137,1.509643,1.313934,2.776805,3.593813,0.938494,5.800041,0.68547,1.738378,1.574005,1022.294,4.388332,2.375541,0.636989,15.59484,0.398857,8.803621,7.118192,2.212605,3.01531,5.41677,2.071627,0,2.031251,7.96282,4.681799,2.80646,15.55354,2.59897,3.032994,14.25109
Repairs - personal and household,0.154172,0.199594,0.09254,0.047775,0.615107,0.050214,0.078797,0.440004,0.171719,0.037265,0.07455,0.092415,0.130326,0.056839,0.045073,0.068122,0.039753,0.356202,0.111218,0.073175,0.089834,0.660569,0.043238,0.335594,0.098964,0.041403,0.237728,0.054104,0.107357,0.366235,0.059215,0.070026,0.060599,0.086046,0.08975,0.074599,0.184919,0.038629,0.072829,0.048461,0.125502,0.849866,0,0.046675,0.453098,0.035642,0.133619,0.050265,0.047328,0.077573,0.074858,0.044455,0.075902,0.056539,0.071039,0.064671,0.062125,0.043271,0.252113,0.064747,0.056447,0.087711,0.071746,0.124443,0.054761,0.044721,0.030826,0.149512,0.154992,2.203782,0.116368,0.107138,0.166246,0.107292,0.107662,0.474996,1002.333,0.238669,0.363581,0.045891,0.072776,0.056095,0.05912,0.565549,0.096415,0.070801,0.029207,0,0.161556,0.062749,0.378666,0.029879,0.148145,0.193044,0.054395,0.066651
Research & development,1.404522,0.963188,1.211217,0.500252,1.298038,0.5334,0.62056,3.136701,1.197566,0.471722,0.79798,1.137207,12.1065,0.684555,0.608607,0.682527,0.498071,3.704062,0.939781,1.077933,2.535824,1.846432,0.528046,0.839555,0.643055,0.500259,2.290038,0.491032,1.877792,2.528714,1.147015,0.708123,1.144334,0.753821,0.636474,1.338695,1.678831,0.447951,0.616369,0.595602,5.897399,0.677717,0,0.240196,3.725352,0.391612,2.551683,0.48141,0.484018,2.049892,0.677472,0.568943,1.673014,0.825434,0.497994,0.61386,0.539357,0.573391,2.078213,0.737073,0.49911,0.582743,3.029045,1.045632,0.552642,0.468234,0.403437,1.203407,0.707137,1.316574,0.68905,1.392833,1.22863,0.628475,1.662816,1.516584,2.372934,1032.642,0.660138,0.499004,0.866093,0.814535,0.744768,2.425591,1.098545,0.980169,0.331905,0,1.463353,1.002803,1.634008,0.333499,0.855583,0.790972,1.406819,0.682836
Residential care and social work,1.094954,0.062871,0.060853,0.059082,0.104613,0.052658,0.151094,0.093561,0.079904,0.057452,0.970191,0.218879,0.277031,0.098196,0.064702,0.185528,0.045188,0.06536,0.605453,0.222446,4.701533,0.224662,0.053833,0.983157,0.054089,0.050571,0.075776,0.066891,0.173761,0.182489,0.089985,0.105107,0.580357,0.141389,0.176474,0.119775,0.776897,0.045668,0.069338,0.088249,0.061426,15.65348,0,0.02858,0.069942,0.032773,0.270871,0.039295,0.050211,0.076397,0.065769,0.058206,2.787384,0.096351,0.054416,0.087517,0.038713,0.071477,0.252207,0.075471,0.043399,0.716931,0.046172,0.084195,0.094835,0.107293,0.043894,0.092788,8.791543,0.275521,12.75683,0.267082,0.072564,0.091677,0.100133,0.054109,0.056191,0.160978,1150.887,0.076374,0.036133,0.080849,0.072068,3.998741,0.293478,0.08568,0.043801,0,0.217218,0.234983,0.165112,0.069151,0.084627,0.076195,0.451788,0.083774
Rubber & Plastic,0.679101,0.32751,0.579472,4.041534,1.270717,3.715159,6.572904,0.687745,1.219258,14.01059,3.064802,5.330695,0.609395,1.995619,26.36559,1.478685,1.725611,0.721386,3.867764,10.73419,0.808413,1.251558,16.73507,0.775924,6.248853,0.448644,0.362614,4.103867,0.389223,1.107226,14.65861,6.271033,0.90005,1.456071,1.323523,9.011738,0.437626,0.309944,3.293945,4.78534,0.470743,1.440866,0,0.465388,0.884321,1.305769,1.276639,1.367013,7.525143,0.79153,9.035246,11.45789,0.596576,1.431825,14.80208,1.941626,12.05282,11.95252,7.103902,5.627003,2.105859,0.566568,0.424216,12.3877,13.71095,7.983347,2.671529,1.455148,6.341505,1.355956,1.20244,1.946934,0.749494,1.357173,0.915093,4.343937,2.214496,0.865226,0.697111,1061.298,0.473839,26.94583,2.303599,1.11263,2.193053,6.090452,7.282794,0,2.586051,2.481903,1.326417,0.774369,1.619634,2.176331,7.072656,6.337801
Security & investigation,0.579297,0.450447,0.178126,0.186115,0.68223,0.189423,0.31172,0.43318,0.405249,0.168083,0.248543,1.502448,0.346157,0.341132,0.13456,0.271395,0.178661,1.633469,0.190793,2.262481,1.9661,6.227194,0.168811,1.204397,0.175071,0.192029,0.250972,0.238792,1.068629,5.674172,0.226868,0.311253,0.358345,0.355401,0.360723,0.300569,1.295664,0.14962,0.22956,0.163394,0.257426,0.84547,0,0.423959,2.007307,0.146943,0.516741,0.165367,0.143521,0.497637,0.196182,0.157514,0.437152,0.301105,0.1977,0.387667,0.226526,0.205405,0.704337,0.282774,0.195414,0.28323,13.97787,0.264432,0.162238,0.190223,0.097557,1.025997,0.202874,2.100812,0.158298,0.554309,0.672824,0.551421,0.623636,0.18368,0.761703,1.387782,1.13579,0.160933,1006.995,0.208501,0.215667,2.412595,0.667451,0.47848,0.1077,0,4.041395,0.160118,2.670403,0.488777,0.607602,0.389252,0.744538,0.282015
Soft Drinks,0.196576,0.035982,0.038032,0.084249,0.219603,0.076187,0.079357,0.021753,0.049472,0.060963,0.064278,0.190545,0.074192,0.050715,0.035123,0.03061,0.038324,0.015953,0.057712,0.037219,0.383053,0.210697,0.069436,0.058646,0.045434,0.016347,0.030762,0.045055,0.196818,0.082107,0.175557,0.025492,0.566472,0.063562,0.038065,0.037771,0.294918,0.022629,0.042066,0.077491,0.046838,0.033668,0,0.007003,0.012601,0.046286,0.048631,0.056141,0.051743,0.046089,0.052609,0.074938,0.406102,0.021513,0.076708,0.045063,0.037814,0.078618,0.038504,0.033426,0.052243,0.012724,0.083168,0.039948,0.039489,0.046149,0.012341,0.16236,0.039829,0.037014,0.02562,0.119074,0.03758,0.013271,0.022512,0.027388,0.020043,0.037316,0.1146,0.041,0.034085,1002.176,0.034339,0.601457,0.123704,0.041943,0.039935,0,0.093042,0.029066,0.03504,0.009503,0.038227,0.04402,0.031068,0.042673
Spirits & wines,2.483125,0.095433,0.098417,0.648493,0.339618,0.954151,1.117314,0.128308,0.090999,0.510618,3.163234,0.265585,0.113063,0.659205,0.502474,0.292633,0.591928,0.079238,0.807675,0.507119,0.186851,0.228642,0.841289,0.103275,0.639807,0.182758,0.095566,0.608173,0.085828,0.13482,0.99863,0.310773,5.29371,0.80973,0.309801,0.468901,0.161987,0.284496,0.572121,0.754206,0.081871,0.298684,0,0.048993,0.087408,0.794165,0.203494,0.828056,0.666925,0.094601,0.747316,0.869711,0.431428,0.206285,1.148658,0.610345,0.578117,0.656738,0.257556,0.435297,0.763525,0.046203,0.08333,0.53187,0.59506,0.672756,0.150586,0.184245,0.505156,0.263695,0.302125,0.164255,0.080399,0.132207,0.230507,0.326634,0.230049,0.375222,0.230542,0.583786,0.190848,0.579523,1002.871,0.246882,0.143652,0.221043,0.591001,0,0.240831,0.327528,0.322504,0.107714,0.167807,0.564215,0.343749,0.66819
Sports & recreation,0.863899,0.652109,0.6872,0.306396,1.432105,0.723992,0.343598,1.149544,0.5942,0.620602,0.8446,1.266444,0.682056,1.682031,0.957799,0.25353,0.229189,0.998836,0.423839,0.484296,3.892074,8.22601,0.412397,0.776687,0.421973,0.545356,0.969961,0.536166,7.498681,1.557265,0.834396,0.286709,0.654339,6.818482,19.96755,0.835168,1.29602,0.349019,0.949976,2.654965,1.12655,0.23649,0,0.198397,0.88996,0.181793,2.385444,0.211709,0.770992,0.88006,0.384967,0.52979,3.623626,1.829222,0.276623,0.910251,0.266606,1.663467,1.018555,1.496686,0.319739,0.375306,0.548462,0.529739,1.45401,0.659159,0.550229,1.194592,1.142887,1.617214,2.033581,0.760081,0.834913,0.473565,0.906501,0.530132,0.408894,1.053267,0.670753,0.362525,0.478841,1.357669,1.102505,1005.428,0.583632,0.9641,0.604516,0,15.44584,0.245518,1.18788,0.127253,1.313137,1.976837,0.803583,1.108196
Support services for transport,2.332356,1.44597,1.09247,3.052813,30.14599,4.158554,4.995895,4.312281,4.363175,3.01651,4.655229,6.652591,5.30669,5.774316,3.640943,3.275951,2.644588,4.311088,4.06639,4.274956,4.517341,2.933622,4.046184,1.335572,3.332572,2.687966,7.990605,4.08509,2.918819,9.046583,4.924998,10.89453,3.971366,9.220209,2.468773,6.874059,2.559411,2.583682,4.823644,3.452008,1.909805,2.060889,0,0.969668,1.509751,3.39541,7.672714,3.500485,4.256815,1.65796,4.532335,3.651507,1.957367,2.580857,5.07508,5.374981,3.74601,3.419357,16.4225,4.016417,3.986791,1.035088,1.720158,4.979016,4.003783,3.096042,1.319704,12.49742,3.043046,3.179623,1.824311,151.6896,9.599482,2.4885,4.61488,2.949046,3.749794,1.851527,1.491789,3.723055,2.203196,4.370264,3.080898,2.667477,1114.606,5.798592,2.485656,0,2.788576,1.924415,4.983492,2.659397,72.83186,7.562656,7.048028,3.864915
Telecommunications,4.855423,5.73653,15.00504,2.816219,5.101308,1.839865,4.238913,5.538039,34.11524,1.560265,2.477928,6.664706,4.168444,3.681607,1.603353,2.299902,1.283593,3.49401,2.602187,4.423352,3.037989,4.769629,1.869055,1.27119,2.163528,1.655415,7.01841,3.101172,13.67409,12.88592,2.586969,4.430371,5.78986,6.349302,7.75017,4.443722,4.380704,1.11835,2.239963,1.854886,7.385106,4.325011,0,2.72556,2.866296,2.059398,18.86062,2.059316,2.757971,7.690516,2.73361,2.013426,2.720837,2.186943,1.760913,2.661973,1.477369,2.008929,3.914211,3.105865,1.786865,1.480823,2.834819,2.116693,1.989039,1.703778,1.110972,9.604529,3.321226,11.07622,2.435724,4.189905,10.2553,3.386266,4.536147,2.467909,3.970087,2.480031,3.010225,1.790779,2.39436,2.317047,1.747591,4.480045,4.814766,1058.234,1.523789,0,6.990914,6.945756,3.373098,3.602872,4.076056,2.778513,3.22782,2.751269
Textiles,0.271616,0.100327,0.15692,1.48948,0.534628,0.584,3.313423,0.150959,0.140652,0.921612,0.815579,1.326383,0.125324,0.57118,1.842447,0.203096,0.280874,0.116182,0.402555,0.905196,0.282218,0.561838,1.171699,0.288995,0.548316,0.108408,0.063581,0.420158,0.111893,0.234327,1.312653,2.61083,0.463731,0.441613,0.509559,2.921638,0.275898,0.099742,0.394028,1.510122,0.113264,0.621045,0,0.069116,0.150249,0.25021,0.288959,0.309078,13.81851,0.156156,0.791308,1.03241,0.204465,0.225532,3.15238,0.249103,0.786298,0.969994,0.384243,1.301616,0.350457,0.346513,0.105922,0.913766,0.579768,4.849747,0.209656,0.380938,2.668312,0.334194,0.938053,0.22921,0.243928,0.141591,0.257832,0.371094,0.173041,0.397295,0.298335,2.771924,0.096724,1.105723,0.427813,0.579719,0.194787,0.267535,1063.115,0,0.27634,1.123551,0.222047,0.135313,0.216063,59.87894,1.121167,0.619035
Tobacco,0,0,0,0,0,0,0,0,0,0,0,0,0,0,0,0,0,0,0,0,0,0,0,0,0,0,0,0,0,0,0,0,0,0,0,0,0,0,0,0,0,0,0,0,0,0,0,0,0,0,0,0,0,0,0,0,0,0,0,0,0,0,0,0,0,0,0,0,0,0,0,0,0,0,0,0,0,0,0,0,0,0,0,0,0,0,0,1000,0,0,0,0,0,0,0,0
Travel & related services,15.55537,6.430748,0.759026,2.14791,64.04744,3.17326,3.930669,1.134668,8.072238,4.067912,3.647336,0.848902,0.682457,3.104608,1.309117,1.841455,1.166371,1.670414,1.184488,1.808864,1.807893,0.732152,2.535041,3.887122,2.859381,4.047056,7.650052,1.429388,3.006503,7.996515,2.274672,1.812053,14.79444,2.51166,2.507443,5.463334,0.50961,3.040292,2.248275,2.167935,0.701976,1.533805,0,0.556613,2.376292,1.315378,1.995802,1.354555,3.072805,2.338256,5.637921,2.344284,0.499444,1.31121,3.113638,5.223282,0.973426,2.022331,39.26281,7.411226,1.256082,0.346389,0.456194,4.246025,1.276126,4.037219,0.401276,13.10906,3.018324,2.6179,1.424927,4.534374,4.990882,1.37575,1.700794,4.510695,0.947919,0.762209,1.123669,1.763088,0.588997,2.01854,4.212828,0.922756,5.811789,8.239699,1.610336,0,1345.298,1.202477,2.593271,1.050176,60.74809,2.772187,21.70297,3.639108
Veterinary services,0.162125,0.005263,0.005218,12.23635,0.01296,0.855278,2.546403,0.009833,0.006086,0.146174,0.31006,0.011054,0.006975,0.015987,0.00983,0.02258,0.008887,0.005528,0.010271,0.022175,0.01638,0.027044,3.884042,0.039516,0.008253,0.006831,0.006111,0.00996,0.1993,0.009946,0.753727,0.015698,0.14211,0.121231,0.331151,0.012619,0.006838,0.006227,0.011108,2.721339,0.005486,0.075918,0,0.002524,0.005343,0.007081,0.019012,0.009479,0.260172,0.005967,0.009886,3.715479,0.013859,0.01518,0.011428,0.012407,0.007634,1.103196,0.012607,0.010252,0.008392,0.002745,0.003626,0.009695,0.011775,0.012634,0.026135,0.010161,0.012572,0.034821,0.009295,0.028459,0.005058,0.007258,0.010265,0.006437,0.005121,0.012135,0.059099,0.081862,0.003866,0.059583,0.115432,2.07749,0.007474,0.007815,0.013195,0,0.049517,1054.011,0.018656,0.003129,0.032503,0.011681,0.011616,0.018208
"Waste, remediation & management",1.450434,1.095795,1.625868,1.011352,2.046607,1.452545,4.709163,1.586125,1.076945,1.404016,1.147489,5.196367,0.91444,1.920403,0.811998,0.492807,1.102536,0.904325,0.609294,1.131036,1.923915,1.021277,1.420158,0.719772,0.825773,0.456541,0.679138,1.27715,0.938426,0.7234,2.242924,0.5287,1.293977,0.905129,0.932289,3.154273,1.104769,0.302038,2.430218,0.839128,0.521125,6.189057,0,0.180558,0.578265,1.594487,0.93527,11.08401,1.068137,0.687105,0.885923,2.000025,0.679614,0.360921,0.735882,2.310661,0.536851,1.129571,1.295911,0.808048,15.85935,1.044128,0.663194,1.199155,1.279555,1.621947,0.325729,1.654677,1.213901,7.801402,0.777085,1.137384,2.289945,0.540029,1.44353,0.524158,0.812983,1.052425,0.892212,1.038407,0.462626,0.996297,1.071215,3.513998,0.626338,0.739999,0.719751,0,1.224651,3.41416,1083.464,19.68547,0.839053,8.49648,1.122332,1.627392
Water and sewerage,1.071922,0.468532,1.115448,7.812966,1.037853,2.646625,7.697829,0.65911,0.536498,2.992333,4.792116,1.853102,0.325684,3.837982,1.361541,1.744649,10.12219,0.468691,1.30023,1.331156,0.654145,7.167577,5.597692,1.636672,1.52933,8.107061,0.948109,1.63171,0.840083,0.457046,5.199691,5.173879,0.761024,2.347909,0.64067,8.250889,1.397283,1.717482,3.674724,3.265569,0.254627,4.984101,0,0.20924,0.463002,5.738632,6.990909,1.786101,2.593561,0.494276,1.237499,3.76155,0.537577,1.232455,0.63994,3.996667,0.677143,3.285166,0.680209,2.025599,4.474014,0.489431,0.360355,1.78861,2.242482,3.281966,0.585568,1.21526,2.281989,3.291037,0.410478,0.754,0.896349,0.451752,0.911366,0.703324,0.779997,0.697399,1.679497,1.44099,0.261198,2.47372,5.97447,3.893472,0.391568,0.520766,1.198954,0,0.630435,2.735471,15.72484,1034.613,0.317557,1.25364,0.50281,2.805114
Water transport,0.152375,0.025769,0.080038,0.072531,0.324904,0.055107,1.576736,0.039732,0.153364,0.091674,0.591932,0.201588,0.158201,0.757365,0.077784,0.265625,0.19029,0.064584,0.24129,0.145373,0.140322,0.048039,0.168255,0.038287,0.160239,0.055532,0.161394,0.224358,0.062574,0.095081,0.207559,1.156249,0.102928,1.422273,0.049094,0.346875,0.186574,0.050237,0.409392,0.254159,0.07173,0.055761,0,0.017961,0.029417,0.179795,0.226148,0.424598,0.044881,0.027143,0.196887,0.081491,0.078063,1.475296,0.19693,0.740419,0.211975,0.168701,0.157991,0.708304,0.213766,0.02637,0.068323,0.174451,0.049187,0.130343,0.037275,0.647299,0.880162,0.071815,0.76639,0.5455,0.048609,0.043166,0.198187,0.135805,0.034819,0.022697,0.130278,0.108766,0.040898,0.06509,0.320566,0.098012,1.072021,0.16377,0.101286,0,0.736373,0.039517,0.259062,0.045106,1028.945,0.390032,0.186078,0.153482
Wearing apparel,0.035823,0.03619,0.026777,0.026951,0.148603,0.02077,0.331881,0.058148,0.046263,0.103028,0.025857,0.191045,0.017169,0.020475,0.037576,0.017105,0.025063,0.024839,0.023229,0.046327,0.049208,0.038925,0.036892,0.065917,0.042009,0.012877,0.013373,0.018825,0.016739,0.035382,0.055456,0.148376,0.045627,0.135239,0.354463,0.046064,0.043446,0.009615,0.022736,0.039719,0.024648,0.141706,0,0.005105,0.031244,0.01354,0.037946,0.016204,0.305666,0.028213,0.218191,0.027388,0.037604,0.114771,0.086338,0.022142,0.025098,0.032133,0.040025,0.152889,0.016967,0.036294,0.025506,0.089951,0.031399,0.067626,0.013242,0.044955,0.066834,0.240549,0.039696,0.030252,0.05374,0.01742,0.047689,0.099769,0.011469,0.050598,0.085291,0.05748,0.032924,0.032221,0.016612,0.070416,0.021329,0.035345,0.389275,0,0.027029,0.359713,0.05196,0.037099,0.014451,1003.29,0.056005,0.031403
Wholesale & Retail - vehicles,4.449662,3.945167,2.187333,34.06158,9.055525,7.530243,7.75618,1.952539,2.76374,12.67528,5.857536,5.811517,2.430959,7.424217,18.66495,8.514465,4.205812,5.522327,5.862544,15.01958,2.00407,3.083638,22.32562,2.284533,13.15637,2.730817,4.146238,5.268763,2.105109,4.76872,14.66959,14.67411,3.879314,24.36968,28.70038,11.09263,1.832802,1.761064,6.365316,11.36669,1.461829,2.781114,0,0.998708,9.26597,2.85387,8.459804,8.385632,6.333041,4.614002,24.84822,18.48338,1.951455,4.246055,48.94681,9.090118,8.371935,13.61194,24.57258,6.683435,4.254387,2.309994,1.747671,14.50524,11.53334,9.604797,2.729804,9.57444,7.693594,4.161505,4.775972,17.446,2.562769,3.405731,27.48138,8.943884,8.925391,2.866049,2.898141,42.97975,8.914388,19.66411,5.018209,3.636505,5.188371,7.40935,7.360259,0,10.37519,4.269227,12.24917,4.364468,7.121484,3.776082,1032.877,11.07488
Wood and wood products,0.783286,0.481883,0.386936,1.951786,0.770326,0.758999,2.120251,0.709469,0.48897,0.793495,3.627222,6.154834,0.504086,10.1104,0.958372,6.735227,2.898627,0.423882,1.566265,20.27299,1.036444,1.649013,1.368555,1.151502,2.436066,0.523266,0.33961,4.821454,0.357208,0.570571,1.34891,6.182261,0.999618,2.115661,3.791552,66.07642,1.366662,0.320956,0.68952,1.028998,0.497974,0.415166,0,0.849574,0.399531,0.39312,1.590038,0.658811,0.820638,0.667036,3.364929,1.5387,1.39311,1.251511,3.443226,1.733386,0.526991,1.121113,0.622113,9.642442,0.884336,0.156129,0.469915,14.6455,4.231142,11.19569,0.238355,0.649138,1.285516,1.163772,0.629169,0.840574,0.870015,2.023061,0.737493,1.359333,0.412406,0.47443,0.54601,3.166048,0.290717,2.861958,2.430658,0.877815,0.891697,0.869304,0.947744,0,0.713937,1.117615,1.032473,0.557221,0.751211,0.695027,0.875025,1175.153
